-- phpMyAdmin SQL Dump
-- version 6.0.0-dev+20230213.ef941c2080
-- https://www.phpmyadmin.net/
--
-- Máy chủ: 127.0.0.1
-- Thời gian đã tạo: Th2 16, 2023 lúc 05:52 PM
-- Phiên bản máy phục vụ: 10.4.24-MariaDB
-- Phiên bản PHP: 8.1.5

SET SQL_MODE = "NO_AUTO_VALUE_ON_ZERO";
START TRANSACTION;
SET time_zone = "+00:00";


/*!40101 SET @OLD_CHARACTER_SET_CLIENT=@@CHARACTER_SET_CLIENT */;
/*!40101 SET @OLD_CHARACTER_SET_RESULTS=@@CHARACTER_SET_RESULTS */;
/*!40101 SET @OLD_COLLATION_CONNECTION=@@COLLATION_CONNECTION */;
/*!40101 SET NAMES utf8mb4 */;

--
-- Cơ sở dữ liệu: `qrabiloo`
--

-- --------------------------------------------------------

--
-- Cấu trúc bảng cho bảng `courseclass`
--

CREATE TABLE `courseclass` (
  `classID` varchar(25) NOT NULL,
  `courseID` varchar(20) NOT NULL,
  `teacherID` int(11) NOT NULL
) ENGINE=InnoDB DEFAULT CHARSET=utf8mb4;

--
-- Đang đổ dữ liệu cho bảng `courseclass`
--

INSERT INTO `courseclass` (`classID`, `courseID`, `teacherID`) VALUES
('2223I_INT2204_24', 'INT2204', 20003),
('2223I_INT2204_46', 'INT2204', 20001),
('2223I_INT2211_44', 'INT2211', 20003),
('2223I_INT2211_47', 'INT2211', 20002),
('2223I_INT2212_43', 'INT2212', 20001),
('2223I_INT2212_47', 'INT2212', 20001),
('2223I_INT2212_49', 'INT2212', 20002);

-- --------------------------------------------------------

--
-- Cấu trúc bảng cho bảng `courses`
--

CREATE TABLE `courses` (
  `courseID` varchar(20) NOT NULL,
  `courseName` text NOT NULL
) ENGINE=InnoDB DEFAULT CHARSET=utf8mb4;

--
-- Đang đổ dữ liệu cho bảng `courses`
--

INSERT INTO `courses` (`courseID`, `courseName`) VALUES
('INT2204', 'Lập trình hướng đối tượng'),
('INT2210', 'Cấu trúc dữ liệu và giải thuật'),
('INT2211', 'Cơ sở dữ liệu'),
('INT2212', 'Kiến trúc máy tính');

-- --------------------------------------------------------

--
-- Cấu trúc bảng cho bảng `onexam`
--

CREATE TABLE `onexam` (
  `doID` int(11) NOT NULL,
  `grade` double NOT NULL,
  `timeStart` datetime NOT NULL,
  `timeEnd` datetime NOT NULL,
  `studentID` int(11) NOT NULL,
  `testID` varchar(11) NOT NULL
) ENGINE=InnoDB DEFAULT CHARSET=utf8mb4;

--
-- Đang đổ dữ liệu cho bảng `onexam`
--

INSERT INTO `onexam` (`doID`, `grade`, `timeStart`, `timeEnd`, `studentID`, `testID`) VALUES
(8, 1.43, '2022-12-06 00:49:27', '2022-12-06 00:49:36', 21020003, '2310'),
(9, 2.86, '2022-12-06 01:19:54', '2022-12-06 01:20:05', 21020003, '2310'),
(10, 1.67, '2022-12-06 07:34:41', '2022-12-06 07:34:57', 21020001, 'kkkk'),
(11, 2.5, '2023-02-03 14:42:30', '2023-02-03 14:42:37', 21020001, 'Loffil'),
(12, 0, '2023-02-03 15:56:14', '2023-02-03 15:56:21', 21020001, '3249658');

-- --------------------------------------------------------

--
-- Cấu trúc bảng cho bảng `person`
--

CREATE TABLE `person` (
  `ID` int(11) NOT NULL,
  `account` varchar(50) NOT NULL,
  `pass` varchar(50) NOT NULL,
  `firstName` varchar(20) NOT NULL,
  `lastName` varchar(20) NOT NULL,
  `middleName` varchar(20) NOT NULL,
  `email` varchar(50) NOT NULL,
  `birthday` date NOT NULL,
  `address` text NOT NULL,
  `phoneNumber` int(12) NOT NULL,
  `class` varchar(20) DEFAULT NULL,
  `isTeacher` tinyint(1) NOT NULL
) ENGINE=InnoDB DEFAULT CHARSET=utf8mb4;

--
-- Đang đổ dữ liệu cho bảng `person`
--

INSERT INTO `person` (`ID`, `account`, `pass`, `firstName`, `lastName`, `middleName`, `email`, `birthday`, `address`, `phoneNumber`, `class`, `isTeacher`) VALUES
(20001, 'giangvien01', 'abc@123', 'Hậu', 'Nguyễn', 'Thị', 'nguyenhau@vnu.edu.vn', '1983-11-02', 'Khu phố nhà giáo trường Đại học Công Nghệ', 123456789, 'K66-CA-CLC1', 1),
(20002, 'giangvien02', 'abc@123', 'Trang', 'Phạm', 'Thị Quỳnh', 'trangptq@vnu.edu.vn', '1995-11-04', 'khu nhà giáo viên trường Đại học Công Nghệ', 123456798, 'K66-CA-CLC2', 1),
(20003, 'giangvien03', 'abc@123', 'Hoàng', 'Đinh', 'Nho', 'hoangdinhnho23@gmail.com', '2003-08-13', 'Một nơi bình yên', 839493747, 'K66-CA-CLC4', 1),
(21020001, '21020001', '21020001', '1402', '462', '38', '21020001@vnu.edu.vn', '2003-08-15', 'vô gia cư', 472268379, 'K66-CA-CLC', 0),
(21020002, '21020002', '21020002', '1403', '463', '39', '21020002@vnu.edu.vn', '2003-08-15', 'vô gia cư', 472268380, 'K66-CA-CLC', 0),
(21020003, '21020003', '21020003', '1404', '464', '40', '21020003@vnu.edu.vn', '2003-08-15', 'vô gia cư', 472268381, 'K66-CA-CLC', 0),
(21020004, '21020004', '21020004', '1405', '465', '41', '21020004@vnu.edu.vn', '2003-08-15', 'vô gia cư', 472268382, 'K66-CA-CLC', 0),
(21020005, '21020005', '21020005', '1406', '466', '42', '21020005@vnu.edu.vn', '2003-08-15', 'vô gia cư', 472268383, 'K66-CA-CLC', 0),
(21020006, '21020006', '21020006', '1407', '467', '43', '21020006@vnu.edu.vn', '2003-08-15', 'vô gia cư', 472268384, 'K66-CA-CLC', 0),
(21020007, '21020007', '21020007', '1408', '468', '44', '21020007@vnu.edu.vn', '2003-08-15', 'vô gia cư', 472268385, 'K66-CA-CLC', 0),
(21020008, '21020008', '21020008', '1409', '469', '45', '21020008@vnu.edu.vn', '2003-08-15', 'vô gia cư', 472268386, 'K66-CA-CLC', 0),
(21020009, '21020009', '21020009', '1410', '470', '46', '21020009@vnu.edu.vn', '2003-08-15', 'vô gia cư', 472268387, 'K66-CA-CLC', 0),
(21020010, '21020010', '21020010', '1411', '471', '47', '21020010@vnu.edu.vn', '2003-08-15', 'vô gia cư', 472268388, 'K66-CA-CLC', 0),
(21020011, '21020011', '21020011', '1412', '472', '48', '21020011@vnu.edu.vn', '2003-08-15', 'vô gia cư', 472268389, 'K66-CA-CLC', 0),
(21020012, '21020012', '21020012', '1413', '473', '49', '21020012@vnu.edu.vn', '2003-08-15', 'vô gia cư', 472268390, 'K66-CA-CLC', 0),
(21020013, '21020013', '21020013', '1414', '474', '50', '21020013@vnu.edu.vn', '2003-08-15', 'vô gia cư', 472268391, 'K66-CA-CLC', 0),
(21020014, '21020014', '21020014', '1415', '475', '51', '21020014@vnu.edu.vn', '2003-08-15', 'vô gia cư', 472268392, 'K66-CA-CLC', 0),
(21020015, '21020015', '21020015', '1416', '476', '52', '21020015@vnu.edu.vn', '2003-08-15', 'vô gia cư', 472268393, 'K66-CA-CLC', 0),
(21020016, '21020016', '21020016', '1417', '477', '53', '21020016@vnu.edu.vn', '2003-08-15', 'vô gia cư', 472268394, 'K66-CA-CLC', 0),
(21020017, '21020017', '21020017', '1418', '478', '54', '21020017@vnu.edu.vn', '2003-08-15', 'vô gia cư', 472268395, 'K66-CA-CLC', 0),
(21020018, '21020018', '21020018', '1419', '479', '55', '21020018@vnu.edu.vn', '2003-08-15', 'vô gia cư', 472268396, 'K66-CA-CLC', 0),
(21020019, '21020019', '21020019', '1420', '480', '56', '21020019@vnu.edu.vn', '2003-08-15', 'vô gia cư', 472268397, 'K66-CA-CLC', 0),
(21020020, '21020020', '21020020', '1421', '481', '57', '21020020@vnu.edu.vn', '2003-08-15', 'vô gia cư', 472268398, 'K66-CA-CLC', 0),
(21020021, '21020021', '21020021', '1422', '482', '58', '21020021@vnu.edu.vn', '2003-08-15', 'vô gia cư', 472268399, 'K66-CA-CLC', 0),
(21020022, '21020022', '21020022', '1423', '483', '59', '21020022@vnu.edu.vn', '2003-08-15', 'vô gia cư', 472268400, 'K66-CA-CLC', 0),
(21020023, '21020023', '21020023', '1424', '484', '60', '21020023@vnu.edu.vn', '2003-08-15', 'vô gia cư', 472268401, 'K66-CA-CLC', 0),
(21020024, '21020024', '21020024', '1425', '485', '61', '21020024@vnu.edu.vn', '2003-08-15', 'vô gia cư', 472268402, 'K66-CA-CLC', 0),
(21020025, '21020025', '21020025', '1426', '486', '62', '21020025@vnu.edu.vn', '2003-08-15', 'vô gia cư', 472268403, 'K66-CA-CLC', 0),
(21020026, '21020026', '21020026', '1427', '487', '63', '21020026@vnu.edu.vn', '2003-08-15', 'vô gia cư', 472268404, 'K66-CA-CLC', 0),
(21020027, '21020027', '21020027', '1428', '488', '64', '21020027@vnu.edu.vn', '2003-08-15', 'vô gia cư', 472268405, 'K66-CA-CLC', 0),
(21020028, '21020028', '21020028', '1429', '489', '65', '21020028@vnu.edu.vn', '2003-08-15', 'vô gia cư', 472268406, 'K66-CA-CLC', 0),
(21020029, '21020029', '21020029', '1430', '490', '66', '21020029@vnu.edu.vn', '2003-08-15', 'vô gia cư', 472268407, 'K66-CA-CLC', 0),
(21020030, '21020030', '21020030', '1431', '491', '67', '21020030@vnu.edu.vn', '2003-08-15', 'vô gia cư', 472268408, 'K66-CA-CLC', 0),
(21020031, '21020031', '21020031', '1432', '492', '68', '21020031@vnu.edu.vn', '2003-08-15', 'vô gia cư', 472268409, 'K66-CA-CLC', 0),
(21020032, '21020032', '21020032', '1433', '493', '69', '21020032@vnu.edu.vn', '2003-08-15', 'vô gia cư', 472268410, 'K66-CA-CLC', 0),
(21020033, '21020033', '21020033', '1434', '494', '70', '21020033@vnu.edu.vn', '2003-08-15', 'vô gia cư', 472268411, 'K66-CA-CLC', 0),
(21020034, '21020034', '21020034', '1435', '495', '71', '21020034@vnu.edu.vn', '2003-08-15', 'vô gia cư', 472268412, 'K66-CA-CLC', 0),
(21020035, '21020035', '21020035', '1436', '496', '72', '21020035@vnu.edu.vn', '2003-08-15', 'vô gia cư', 472268413, 'K66-CA-CLC', 0),
(21020036, '21020036', '21020036', '1437', '497', '73', '21020036@vnu.edu.vn', '2003-08-15', 'vô gia cư', 472268414, 'K66-CA-CLC', 0),
(21020037, '21020037', '21020037', '1438', '498', '74', '21020037@vnu.edu.vn', '2003-08-15', 'vô gia cư', 472268415, 'K66-CA-CLC', 0),
(21020038, '21020038', '21020038', '1439', '499', '75', '21020038@vnu.edu.vn', '2003-08-15', 'vô gia cư', 472268416, 'K66-CA-CLC', 0),
(21020039, '21020039', '21020039', '1440', '500', '76', '21020039@vnu.edu.vn', '2003-08-15', 'vô gia cư', 472268417, 'K66-CA-CLC', 0),
(21020040, '21020040', '21020040', '1441', '501', '77', '21020040@vnu.edu.vn', '2003-08-15', 'vô gia cư', 472268418, 'K66-CA-CLC', 0),
(21020041, '21020041', '21020041', '1442', '502', '78', '21020041@vnu.edu.vn', '2003-08-15', 'vô gia cư', 472268419, 'K66-CA-CLC', 0),
(21020042, '21020042', '21020042', '1443', '503', '79', '21020042@vnu.edu.vn', '2003-08-15', 'vô gia cư', 472268420, 'K66-CA-CLC', 0),
(21020043, '21020043', '21020043', '1444', '504', '80', '21020043@vnu.edu.vn', '2003-08-15', 'vô gia cư', 472268421, 'K66-CA-CLC', 0),
(21020044, '21020044', '21020044', '1445', '505', '81', '21020044@vnu.edu.vn', '2003-08-15', 'vô gia cư', 472268422, 'K66-CA-CLC', 0),
(21020045, '21020045', '21020045', '1446', '506', '82', '21020045@vnu.edu.vn', '2003-08-15', 'vô gia cư', 472268423, 'K66-CA-CLC', 0),
(21020046, '21020046', '21020046', '1447', '507', '83', '21020046@vnu.edu.vn', '2003-08-15', 'vô gia cư', 472268424, 'K66-CA-CLC', 0),
(21020047, '21020047', '21020047', '1448', '508', '84', '21020047@vnu.edu.vn', '2003-08-15', 'vô gia cư', 472268425, 'K66-CA-CLC', 0),
(21020048, '21020048', '21020048', '1449', '509', '85', '21020048@vnu.edu.vn', '2003-08-15', 'vô gia cư', 472268426, 'K66-CA-CLC', 0),
(21020049, '21020049', '21020049', '1450', '510', '86', '21020049@vnu.edu.vn', '2003-08-15', 'vô gia cư', 472268427, 'K66-CA-CLC', 0),
(21020050, '21020050', '21020050', '1451', '511', '87', '21020050@vnu.edu.vn', '2003-08-15', 'vô gia cư', 472268428, 'K66-CA-CLC', 0),
(21020051, '21020051', '21020051', '1452', '512', '88', '21020051@vnu.edu.vn', '2003-08-15', 'vô gia cư', 472268429, 'K66-CA-CLC', 0),
(21020052, '21020052', '21020052', '1453', '513', '89', '21020052@vnu.edu.vn', '2003-08-15', 'vô gia cư', 472268430, 'K66-CA-CLC', 0),
(21020053, '21020053', '21020053', '1454', '514', '90', '21020053@vnu.edu.vn', '2003-08-15', 'vô gia cư', 472268431, 'K66-CA-CLC', 0),
(21020054, '21020054', '21020054', '1455', '515', '91', '21020054@vnu.edu.vn', '2003-08-15', 'vô gia cư', 472268432, 'K66-CA-CLC', 0),
(21020055, '21020055', '21020055', '1456', '516', '92', '21020055@vnu.edu.vn', '2003-08-15', 'vô gia cư', 472268433, 'K66-CA-CLC', 0),
(21020056, '21020056', '21020056', '1457', '517', '93', '21020056@vnu.edu.vn', '2003-08-15', 'vô gia cư', 472268434, 'K66-CA-CLC', 0),
(21020057, '21020057', '21020057', '1458', '518', '94', '21020057@vnu.edu.vn', '2003-08-15', 'vô gia cư', 472268435, 'K66-CA-CLC', 0),
(21020058, '21020058', '21020058', '1459', '519', '95', '21020058@vnu.edu.vn', '2003-08-15', 'vô gia cư', 472268436, 'K66-CA-CLC', 0),
(21020059, '21020059', '21020059', '1460', '520', '96', '21020059@vnu.edu.vn', '2003-08-15', 'vô gia cư', 472268437, 'K66-CA-CLC', 0),
(21020060, '21020060', '21020060', '1461', '521', '97', '21020060@vnu.edu.vn', '2003-08-15', 'vô gia cư', 472268438, 'K66-CA-CLC', 0),
(21020061, '21020061', '21020061', '1462', '522', '98', '21020061@vnu.edu.vn', '2003-08-15', 'vô gia cư', 472268439, 'K66-CA-CLC', 0),
(21020062, '21020062', '21020062', '1463', '523', '99', '21020062@vnu.edu.vn', '2003-08-15', 'vô gia cư', 472268440, 'K66-CA-CLC', 0),
(21020063, '21020063', '21020063', '1464', '524', '100', '21020063@vnu.edu.vn', '2003-08-15', 'vô gia cư', 472268441, 'K66-CA-CLC', 0),
(21020064, '21020064', '21020064', '1465', '525', '101', '21020064@vnu.edu.vn', '2003-08-15', 'vô gia cư', 472268442, 'K66-CA-CLC', 0),
(21020065, '21020065', '21020065', '1466', '526', '102', '21020065@vnu.edu.vn', '2003-08-15', 'vô gia cư', 472268443, 'K66-CA-CLC', 0),
(21020066, '21020066', '21020066', '1467', '527', '103', '21020066@vnu.edu.vn', '2003-08-15', 'vô gia cư', 472268444, 'K66-CA-CLC', 0),
(21020067, '21020067', '21020067', '1468', '528', '104', '21020067@vnu.edu.vn', '2003-08-15', 'vô gia cư', 472268445, 'K66-CA-CLC', 0),
(21020068, '21020068', '21020068', '1469', '529', '105', '21020068@vnu.edu.vn', '2003-08-15', 'vô gia cư', 472268446, 'K66-CA-CLC', 0),
(21020069, '21020069', '21020069', '1470', '530', '106', '21020069@vnu.edu.vn', '2003-08-15', 'vô gia cư', 472268447, 'K66-CA-CLC', 0),
(21020070, '21020070', '21020070', '1471', '531', '107', '21020070@vnu.edu.vn', '2003-08-15', 'vô gia cư', 472268448, 'K66-CA-CLC', 0),
(21020071, '21020071', '21020071', '1472', '532', '108', '21020071@vnu.edu.vn', '2003-08-15', 'vô gia cư', 472268449, 'K66-CA-CLC', 0),
(21020072, '21020072', '21020072', '1473', '533', '109', '21020072@vnu.edu.vn', '2003-08-15', 'vô gia cư', 472268450, 'K66-CA-CLC', 0),
(21020073, '21020073', '21020073', '1474', '534', '110', '21020073@vnu.edu.vn', '2003-08-15', 'vô gia cư', 472268451, 'K66-CA-CLC', 0),
(21020074, '21020074', '21020074', '1475', '535', '111', '21020074@vnu.edu.vn', '2003-08-15', 'vô gia cư', 472268452, 'K66-CA-CLC', 0),
(21020075, '21020075', '21020075', '1476', '536', '112', '21020075@vnu.edu.vn', '2003-08-15', 'vô gia cư', 472268453, 'K66-CA-CLC', 0),
(21020076, '21020076', '21020076', '1477', '537', '113', '21020076@vnu.edu.vn', '2003-08-15', 'vô gia cư', 472268454, 'K66-CA-CLC', 0),
(21020077, '21020077', '21020077', '1478', '538', '114', '21020077@vnu.edu.vn', '2003-08-15', 'vô gia cư', 472268455, 'K66-CA-CLC', 0),
(21020078, '21020078', '21020078', '1479', '539', '115', '21020078@vnu.edu.vn', '2003-08-15', 'vô gia cư', 472268456, 'K66-CA-CLC', 0),
(21020079, '21020079', '21020079', '1480', '540', '116', '21020079@vnu.edu.vn', '2003-08-15', 'vô gia cư', 472268457, 'K66-CA-CLC', 0),
(21020080, '21020080', '21020080', '1481', '541', '117', '21020080@vnu.edu.vn', '2003-08-15', 'vô gia cư', 472268458, 'K66-CA-CLC', 0),
(21020086, '21020086', '21020086', '1634', '119', '49', '21020086@vnu.edu.vn', '2003-08-15', 'vô gia cư', 891111041, 'K66-CA-CLC', 0),
(21020087, '21020087', '21020087', '1635', '120', '50', '21020087@vnu.edu.vn', '2003-08-15', 'vô gia cư', 891111042, 'K66-CA-CLC', 0),
(21020088, '21020088', '21020088', '1636', '121', '51', '21020088@vnu.edu.vn', '2003-08-15', 'vô gia cư', 891111043, 'K66-CA-CLC', 0),
(21020089, '21020089', '21020089', '1637', '122', '52', '21020089@vnu.edu.vn', '2003-08-15', 'vô gia cư', 891111044, 'K66-CA-CLC', 0),
(21020090, '21020090', '21020090', '1638', '123', '53', '21020090@vnu.edu.vn', '2003-08-15', 'vô gia cư', 891111045, 'K66-CA-CLC', 0),
(21020091, '21020091', '21020091', '1639', '124', '54', '21020091@vnu.edu.vn', '2003-08-15', 'vô gia cư', 891111046, 'K66-CA-CLC', 0),
(21020092, '21020092', '21020092', '1640', '125', '55', '21020092@vnu.edu.vn', '2003-08-15', 'vô gia cư', 891111047, 'K66-CA-CLC', 0),
(21020093, '21020093', '21020093', '1641', '126', '56', '21020093@vnu.edu.vn', '2003-08-15', 'vô gia cư', 891111048, 'K66-CA-CLC', 0),
(21020094, '21020094', '21020094', '1642', '127', '57', '21020094@vnu.edu.vn', '2003-08-15', 'vô gia cư', 891111049, 'K66-CA-CLC', 0),
(21020095, '21020095', '21020095', '1643', '128', '58', '21020095@vnu.edu.vn', '2003-08-15', 'vô gia cư', 891111050, 'K66-CA-CLC', 0),
(21020096, '21020096', '21020096', '1644', '129', '59', '21020096@vnu.edu.vn', '2003-08-15', 'vô gia cư', 891111051, 'K66-CA-CLC', 0),
(21020097, '21020097', '21020097', '1645', '130', '60', '21020097@vnu.edu.vn', '2003-08-15', 'vô gia cư', 891111052, 'K66-CA-CLC', 0),
(21020098, '21020098', '21020098', '1646', '131', '61', '21020098@vnu.edu.vn', '2003-08-15', 'vô gia cư', 891111053, 'K66-CA-CLC', 0),
(21020099, '21020099', '21020099', '1647', '132', '62', '21020099@vnu.edu.vn', '2003-08-15', 'vô gia cư', 891111054, 'K66-CA-CLC', 0),
(21020100, '21020100', '21020100', '1648', '133', '63', '21020100@vnu.edu.vn', '2003-08-15', 'vô gia cư', 891111055, 'K66-CA-CLC', 0),
(21020101, '21020101', '21020101', '1649', '134', '64', '21020101@vnu.edu.vn', '2003-08-15', 'vô gia cư', 891111056, 'K66-CA-CLC', 0),
(21020102, '21020102', '21020102', '1650', '135', '65', '21020102@vnu.edu.vn', '2003-08-15', 'vô gia cư', 891111057, 'K66-CA-CLC', 0),
(21020103, '21020103', '21020103', '1651', '136', '66', '21020103@vnu.edu.vn', '2003-08-15', 'vô gia cư', 891111058, 'K66-CA-CLC', 0),
(21020104, '21020104', '21020104', '1652', '137', '67', '21020104@vnu.edu.vn', '2003-08-15', 'vô gia cư', 891111059, 'K66-CA-CLC', 0),
(21020105, '21020105', '21020105', '1653', '138', '68', '21020105@vnu.edu.vn', '2003-08-15', 'vô gia cư', 891111060, 'K66-CA-CLC', 0),
(21020106, '21020106', '21020106', '1654', '139', '69', '21020106@vnu.edu.vn', '2003-08-15', 'vô gia cư', 891111061, 'K66-CA-CLC', 0),
(21020107, '21020107', '21020107', '1655', '140', '70', '21020107@vnu.edu.vn', '2003-08-15', 'vô gia cư', 891111062, 'K66-CA-CLC', 0),
(21020108, '21020108', '21020108', '1656', '141', '71', '21020108@vnu.edu.vn', '2003-08-15', 'vô gia cư', 891111063, 'K66-CA-CLC', 0),
(21020109, '21020109', '21020109', '1657', '142', '72', '21020109@vnu.edu.vn', '2003-08-15', 'vô gia cư', 891111064, 'K66-CA-CLC', 0),
(21020110, '21020110', '21020110', '1658', '143', '73', '21020110@vnu.edu.vn', '2003-08-15', 'vô gia cư', 891111065, 'K66-CA-CLC', 0),
(21020111, '21020111', '21020111', '1659', '144', '74', '21020111@vnu.edu.vn', '2003-08-15', 'vô gia cư', 891111066, 'K66-CA-CLC', 0),
(21020112, '21020112', '21020112', '1660', '145', '75', '21020112@vnu.edu.vn', '2003-08-15', 'vô gia cư', 891111067, 'K66-CA-CLC', 0),
(21020113, '21020113', '21020113', '1661', '146', '76', '21020113@vnu.edu.vn', '2003-08-15', 'vô gia cư', 891111068, 'K66-CA-CLC', 0),
(21020114, '21020114', '21020114', '1662', '147', '77', '21020114@vnu.edu.vn', '2003-08-15', 'vô gia cư', 891111069, 'K66-CA-CLC', 0),
(21020115, '21020115', '21020115', '1663', '148', '78', '21020115@vnu.edu.vn', '2003-08-15', 'vô gia cư', 891111070, 'K66-CA-CLC', 0),
(21020116, '21020116', '21020116', '1664', '149', '79', '21020116@vnu.edu.vn', '2003-08-15', 'vô gia cư', 891111071, 'K66-CA-CLC', 0),
(21020117, '21020117', '21020117', '1665', '150', '80', '21020117@vnu.edu.vn', '2003-08-15', 'vô gia cư', 891111072, 'K66-CA-CLC', 0),
(21020118, '21020118', '21020118', '1666', '151', '81', '21020118@vnu.edu.vn', '2003-08-15', 'vô gia cư', 891111073, 'K66-CA-CLC', 0),
(21020119, '21020119', '21020119', '1667', '152', '82', '21020119@vnu.edu.vn', '2003-08-15', 'vô gia cư', 891111074, 'K66-CA-CLC', 0),
(21020120, '21020120', '21020120', '1668', '153', '83', '21020120@vnu.edu.vn', '2003-08-15', 'vô gia cư', 891111075, 'K66-CA-CLC', 0),
(21020121, '21020121', '21020121', '1669', '154', '84', '21020121@vnu.edu.vn', '2003-08-15', 'vô gia cư', 891111076, 'K66-CA-CLC', 0),
(21020122, '21020122', '21020122', '1670', '155', '85', '21020122@vnu.edu.vn', '2003-08-15', 'vô gia cư', 891111077, 'K66-CA-CLC', 0),
(21020123, '21020123', '21020123', '1671', '156', '86', '21020123@vnu.edu.vn', '2003-08-15', 'vô gia cư', 891111078, 'K66-CA-CLC', 0),
(21020124, '21020124', '21020124', '1672', '157', '87', '21020124@vnu.edu.vn', '2003-08-15', 'vô gia cư', 891111079, 'K66-CA-CLC', 0),
(21020125, '21020125', '21020125', '1673', '158', '88', '21020125@vnu.edu.vn', '2003-08-15', 'vô gia cư', 891111080, 'K66-CA-CLC', 0),
(21020126, '21020126', '21020126', '1674', '159', '89', '21020126@vnu.edu.vn', '2003-08-15', 'vô gia cư', 891111081, 'K66-CA-CLC', 0),
(21020127, '21020127', '21020127', '1675', '160', '90', '21020127@vnu.edu.vn', '2003-08-15', 'vô gia cư', 891111082, 'K66-CA-CLC', 0),
(21020128, '21020128', '21020128', '1676', '161', '91', '21020128@vnu.edu.vn', '2003-08-15', 'vô gia cư', 891111083, 'K66-CA-CLC', 0),
(21020129, '21020129', '21020129', '1677', '162', '92', '21020129@vnu.edu.vn', '2003-08-15', 'vô gia cư', 891111084, 'K66-CA-CLC', 0),
(21020130, '21020130', '21020130', '1678', '163', '93', '21020130@vnu.edu.vn', '2003-08-15', 'vô gia cư', 891111085, 'K66-CA-CLC', 0),
(21020131, '21020131', '21020131', '1679', '164', '94', '21020131@vnu.edu.vn', '2003-08-15', 'vô gia cư', 891111086, 'K66-CA-CLC', 0),
(21020132, '21020132', '21020132', '1680', '165', '95', '21020132@vnu.edu.vn', '2003-08-15', 'vô gia cư', 891111087, 'K66-CA-CLC', 0),
(21020133, '21020133', '21020133', '1681', '166', '96', '21020133@vnu.edu.vn', '2003-08-15', 'vô gia cư', 891111088, 'K66-CA-CLC', 0),
(21020134, '21020134', '21020134', '1682', '167', '97', '21020134@vnu.edu.vn', '2003-08-15', 'vô gia cư', 891111089, 'K66-CA-CLC', 0),
(21020135, '21020135', '21020135', '1683', '168', '98', '21020135@vnu.edu.vn', '2003-08-15', 'vô gia cư', 891111090, 'K66-CA-CLC', 0),
(21020136, '21020136', '21020136', '1684', '169', '99', '21020136@vnu.edu.vn', '2003-08-15', 'vô gia cư', 891111091, 'K66-CA-CLC', 0),
(21020137, '21020137', '21020137', '1685', '170', '100', '21020137@vnu.edu.vn', '2003-08-15', 'vô gia cư', 891111092, 'K66-CA-CLC', 0),
(21020138, '21020138', '21020138', '1686', '171', '101', '21020138@vnu.edu.vn', '2003-08-15', 'vô gia cư', 891111093, 'K66-CA-CLC', 0),
(21020139, '21020139', '21020139', '1687', '172', '102', '21020139@vnu.edu.vn', '2003-08-15', 'vô gia cư', 891111094, 'K66-CA-CLC', 0),
(21020140, '21020140', '21020140', '1688', '173', '103', '21020140@vnu.edu.vn', '2003-08-15', 'vô gia cư', 891111095, 'K66-CA-CLC', 0),
(21020141, '21020141', '21020141', '1689', '174', '104', '21020141@vnu.edu.vn', '2003-08-15', 'vô gia cư', 891111096, 'K66-CA-CLC', 0),
(21020142, '21020142', '21020142', '1690', '175', '105', '21020142@vnu.edu.vn', '2003-08-15', 'vô gia cư', 891111097, 'K66-CA-CLC', 0),
(21020143, '21020143', '21020143', '1691', '176', '106', '21020143@vnu.edu.vn', '2003-08-15', 'vô gia cư', 891111098, 'K66-CA-CLC', 0),
(21020144, '21020144', '21020144', '1692', '177', '107', '21020144@vnu.edu.vn', '2003-08-15', 'vô gia cư', 891111099, 'K66-CA-CLC', 0),
(21020145, '21020145', '21020145', '1693', '178', '108', '21020145@vnu.edu.vn', '2003-08-15', 'vô gia cư', 891111100, 'K66-CA-CLC', 0),
(21020146, '21020146', '21020146', '1694', '179', '109', '21020146@vnu.edu.vn', '2003-08-15', 'vô gia cư', 891111101, 'K66-CA-CLC', 0),
(21020147, '21020147', '21020147', '1695', '180', '110', '21020147@vnu.edu.vn', '2003-08-15', 'vô gia cư', 891111102, 'K66-CA-CLC', 0),
(21020148, '21020148', '21020148', '1696', '181', '111', '21020148@vnu.edu.vn', '2003-08-15', 'vô gia cư', 891111103, 'K66-CA-CLC', 0),
(21020149, '21020149', '21020149', '1697', '182', '112', '21020149@vnu.edu.vn', '2003-08-15', 'vô gia cư', 891111104, 'K66-CA-CLC', 0),
(21020150, '21020150', '21020150', '1698', '183', '113', '21020150@vnu.edu.vn', '2003-08-15', 'vô gia cư', 891111105, 'K66-CA-CLC', 0),
(21020151, '21020151', '21020151', '1699', '184', '114', '21020151@vnu.edu.vn', '2003-08-15', 'vô gia cư', 891111106, 'K66-CA-CLC', 0),
(21020152, '21020152', '21020152', '1700', '185', '115', '21020152@vnu.edu.vn', '2003-08-15', 'vô gia cư', 891111107, 'K66-CA-CLC', 0),
(21020153, '21020153', '21020153', '1701', '186', '116', '21020153@vnu.edu.vn', '2003-08-15', 'vô gia cư', 891111108, 'K66-CA-CLC', 0),
(21020154, '21020154', '21020154', '1702', '187', '117', '21020154@vnu.edu.vn', '2003-08-15', 'vô gia cư', 891111109, 'K66-CA-CLC', 0),
(21020155, '21020155', '21020155', '1703', '188', '118', '21020155@vnu.edu.vn', '2003-08-15', 'vô gia cư', 891111110, 'K66-CA-CLC', 0),
(21020156, '21020156', '21020156', '1704', '189', '119', '21020156@vnu.edu.vn', '2003-08-15', 'vô gia cư', 891111111, 'K66-CA-CLC', 0),
(21020157, '21020157', '21020157', '1705', '190', '120', '21020157@vnu.edu.vn', '2003-08-15', 'vô gia cư', 891111112, 'K66-CA-CLC', 0),
(21020158, '21020158', '21020158', '1706', '191', '121', '21020158@vnu.edu.vn', '2003-08-15', 'vô gia cư', 891111113, 'K66-CA-CLC', 0),
(21020159, '21020159', '21020159', '1707', '192', '122', '21020159@vnu.edu.vn', '2003-08-15', 'vô gia cư', 891111114, 'K66-CA-CLC', 0),
(21020160, '21020160', '21020160', '1708', '193', '123', '21020160@vnu.edu.vn', '2003-08-15', 'vô gia cư', 891111115, 'K66-CA-CLC', 0),
(21020161, '21020161', '21020161', '1709', '194', '124', '21020161@vnu.edu.vn', '2003-08-15', 'vô gia cư', 891111116, 'K66-CA-CLC', 0),
(21020162, '21020162', '21020162', '1710', '195', '125', '21020162@vnu.edu.vn', '2003-08-15', 'vô gia cư', 891111117, 'K66-CA-CLC', 0),
(21020163, '21020163', '21020163', '1711', '196', '126', '21020163@vnu.edu.vn', '2003-08-15', 'vô gia cư', 891111118, 'K66-CA-CLC', 0),
(21020164, '21020164', '21020164', '1712', '197', '127', '21020164@vnu.edu.vn', '2003-08-15', 'vô gia cư', 891111119, 'K66-CA-CLC', 0),
(21020165, '21020165', '21020165', '1713', '198', '128', '21020165@vnu.edu.vn', '2003-08-15', 'vô gia cư', 891111120, 'K66-CA-CLC', 0),
(21020200, '21020200', '21020200', '1113', '158', '28', '21020200@vnu.edu.vn', '2003-08-15', 'vô gia cư', 339044967, 'K66-CA-CLC1', 0),
(21020201, '21020201', '21020201', '1114', '159', '29', '21020201@vnu.edu.vn', '2003-08-15', 'vô gia cư', 339044968, 'K66-CA-CLC1', 0),
(21020202, '21020202', '21020202', '1115', '160', '30', '21020202@vnu.edu.vn', '2003-08-15', 'vô gia cư', 339044969, 'K66-CA-CLC1', 0),
(21020203, '21020203', '21020203', '1116', '161', '31', '21020203@vnu.edu.vn', '2003-08-15', 'vô gia cư', 339044970, 'K66-CA-CLC1', 0),
(21020204, '21020204', '21020204', '1117', '162', '32', '21020204@vnu.edu.vn', '2003-08-15', 'vô gia cư', 339044971, 'K66-CA-CLC1', 0),
(21020205, '21020205', '21020205', '1118', '163', '33', '21020205@vnu.edu.vn', '2003-08-15', 'vô gia cư', 339044972, 'K66-CA-CLC1', 0),
(21020206, '21020206', '21020206', '1119', '164', '34', '21020206@vnu.edu.vn', '2003-08-15', 'vô gia cư', 339044973, 'K66-CA-CLC1', 0),
(21020207, '21020207', '21020207', '1120', '165', '35', '21020207@vnu.edu.vn', '2003-08-15', 'vô gia cư', 339044974, 'K66-CA-CLC1', 0),
(21020208, '21020208', '21020208', '1121', '166', '36', '21020208@vnu.edu.vn', '2003-08-15', 'vô gia cư', 339044975, 'K66-CA-CLC1', 0),
(21020209, '21020209', '21020209', '1122', '167', '37', '21020209@vnu.edu.vn', '2003-08-15', 'vô gia cư', 339044976, 'K66-CA-CLC1', 0),
(21020210, '21020210', '21020210', '1123', '168', '38', '21020210@vnu.edu.vn', '2003-08-15', 'vô gia cư', 339044977, 'K66-CA-CLC1', 0),
(21020211, '21020211', '21020211', '1124', '169', '39', '21020211@vnu.edu.vn', '2003-08-15', 'vô gia cư', 339044978, 'K66-CA-CLC1', 0),
(21020212, '21020212', '21020212', '1125', '170', '40', '21020212@vnu.edu.vn', '2003-08-15', 'vô gia cư', 339044979, 'K66-CA-CLC1', 0),
(21020213, '21020213', '21020213', '1126', '171', '41', '21020213@vnu.edu.vn', '2003-08-15', 'vô gia cư', 339044980, 'K66-CA-CLC1', 0),
(21020214, '21020214', '21020214', '1127', '172', '42', '21020214@vnu.edu.vn', '2003-08-15', 'vô gia cư', 339044981, 'K66-CA-CLC1', 0),
(21020215, '21020215', '21020215', '1128', '173', '43', '21020215@vnu.edu.vn', '2003-08-15', 'vô gia cư', 339044982, 'K66-CA-CLC1', 0),
(21020216, '21020216', '21020216', '1129', '174', '44', '21020216@vnu.edu.vn', '2003-08-15', 'vô gia cư', 339044983, 'K66-CA-CLC1', 0),
(21020217, '21020217', '21020217', '1130', '175', '45', '21020217@vnu.edu.vn', '2003-08-15', 'vô gia cư', 339044984, 'K66-CA-CLC1', 0),
(21020218, '21020218', '21020218', '1131', '176', '46', '21020218@vnu.edu.vn', '2003-08-15', 'vô gia cư', 339044985, 'K66-CA-CLC1', 0),
(21020219, '21020219', '21020219', '1132', '177', '47', '21020219@vnu.edu.vn', '2003-08-15', 'vô gia cư', 339044986, 'K66-CA-CLC1', 0),
(21020220, '21020220', '21020220', '1133', '178', '48', '21020220@vnu.edu.vn', '2003-08-15', 'vô gia cư', 339044987, 'K66-CA-CLC1', 0),
(21020221, '21020221', '21020221', '1134', '179', '49', '21020221@vnu.edu.vn', '2003-08-15', 'vô gia cư', 339044988, 'K66-CA-CLC1', 0),
(21020222, '21020222', '21020222', '1135', '180', '50', '21020222@vnu.edu.vn', '2003-08-15', 'vô gia cư', 339044989, 'K66-CA-CLC1', 0),
(21020223, '21020223', '21020223', '1136', '181', '51', '21020223@vnu.edu.vn', '2003-08-15', 'vô gia cư', 339044990, 'K66-CA-CLC1', 0),
(21020224, '21020224', '21020224', '1137', '182', '52', '21020224@vnu.edu.vn', '2003-08-15', 'vô gia cư', 339044991, 'K66-CA-CLC1', 0),
(21020225, '21020225', '21020225', '1138', '183', '53', '21020225@vnu.edu.vn', '2003-08-15', 'vô gia cư', 339044992, 'K66-CA-CLC1', 0),
(21020226, '21020226', '21020226', '1139', '184', '54', '21020226@vnu.edu.vn', '2003-08-15', 'vô gia cư', 339044993, 'K66-CA-CLC1', 0),
(21020227, '21020227', '21020227', '1140', '185', '55', '21020227@vnu.edu.vn', '2003-08-15', 'vô gia cư', 339044994, 'K66-CA-CLC1', 0),
(21020228, '21020228', '21020228', '1141', '186', '56', '21020228@vnu.edu.vn', '2003-08-15', 'vô gia cư', 339044995, 'K66-CA-CLC1', 0),
(21020229, '21020229', '21020229', '1142', '187', '57', '21020229@vnu.edu.vn', '2003-08-15', 'vô gia cư', 339044996, 'K66-CA-CLC1', 0),
(21020230, '21020230', '21020230', '1143', '188', '58', '21020230@vnu.edu.vn', '2003-08-15', 'vô gia cư', 339044997, 'K66-CA-CLC1', 0),
(21020231, '21020231', '21020231', '1144', '189', '59', '21020231@vnu.edu.vn', '2003-08-15', 'vô gia cư', 339044998, 'K66-CA-CLC1', 0),
(21020232, '21020232', '21020232', '1145', '190', '60', '21020232@vnu.edu.vn', '2003-08-15', 'vô gia cư', 339044999, 'K66-CA-CLC1', 0),
(21020233, '21020233', '21020233', '1146', '191', '61', '21020233@vnu.edu.vn', '2003-08-15', 'vô gia cư', 339045000, 'K66-CA-CLC1', 0),
(21020234, '21020234', '21020234', '1147', '192', '62', '21020234@vnu.edu.vn', '2003-08-15', 'vô gia cư', 339045001, 'K66-CA-CLC1', 0),
(21020235, '21020235', '21020235', '1148', '193', '63', '21020235@vnu.edu.vn', '2003-08-15', 'vô gia cư', 339045002, 'K66-CA-CLC1', 0),
(21020236, '21020236', '21020236', '1149', '194', '64', '21020236@vnu.edu.vn', '2003-08-15', 'vô gia cư', 339045003, 'K66-CA-CLC1', 0),
(21020237, '21020237', '21020237', '1150', '195', '65', '21020237@vnu.edu.vn', '2003-08-15', 'vô gia cư', 339045004, 'K66-CA-CLC1', 0),
(21020238, '21020238', '21020238', '1151', '196', '66', '21020238@vnu.edu.vn', '2003-08-15', 'vô gia cư', 339045005, 'K66-CA-CLC1', 0),
(21020239, '21020239', '21020239', '1152', '197', '67', '21020239@vnu.edu.vn', '2003-08-15', 'vô gia cư', 339045006, 'K66-CA-CLC1', 0),
(21020240, '21020240', '21020240', '1153', '198', '68', '21020240@vnu.edu.vn', '2003-08-15', 'vô gia cư', 339045007, 'K66-CA-CLC1', 0),
(21020241, '21020241', '21020241', '1154', '199', '69', '21020241@vnu.edu.vn', '2003-08-15', 'vô gia cư', 339045008, 'K66-CA-CLC1', 0),
(21020242, '21020242', '21020242', '1155', '200', '70', '21020242@vnu.edu.vn', '2003-08-15', 'vô gia cư', 339045009, 'K66-CA-CLC1', 0),
(21020243, '21020243', '21020243', '1156', '201', '71', '21020243@vnu.edu.vn', '2003-08-15', 'vô gia cư', 339045010, 'K66-CA-CLC1', 0),
(21020244, '21020244', '21020244', '1157', '202', '72', '21020244@vnu.edu.vn', '2003-08-15', 'vô gia cư', 339045011, 'K66-CA-CLC1', 0),
(21020245, '21020245', '21020245', '1158', '203', '73', '21020245@vnu.edu.vn', '2003-08-15', 'vô gia cư', 339045012, 'K66-CA-CLC1', 0),
(21020246, '21020246', '21020246', '1159', '204', '74', '21020246@vnu.edu.vn', '2003-08-15', 'vô gia cư', 339045013, 'K66-CA-CLC1', 0),
(21020247, '21020247', '21020247', '1160', '205', '75', '21020247@vnu.edu.vn', '2003-08-15', 'vô gia cư', 339045014, 'K66-CA-CLC1', 0),
(21020248, '21020248', '21020248', '1161', '206', '76', '21020248@vnu.edu.vn', '2003-08-15', 'vô gia cư', 339045015, 'K66-CA-CLC1', 0),
(21020249, '21020249', '21020249', '1162', '207', '77', '21020249@vnu.edu.vn', '2003-08-15', 'vô gia cư', 339045016, 'K66-CA-CLC1', 0),
(21020250, '21020250', '21020250', '1163', '208', '78', '21020250@vnu.edu.vn', '2003-08-15', 'vô gia cư', 339045017, 'K66-CA-CLC1', 0),
(21020251, '21020251', '21020251', '1164', '209', '79', '21020251@vnu.edu.vn', '2003-08-15', 'vô gia cư', 339045018, 'K66-CA-CLC1', 0),
(21020252, '21020252', '21020252', '1165', '210', '80', '21020252@vnu.edu.vn', '2003-08-15', 'vô gia cư', 339045019, 'K66-CA-CLC1', 0),
(21020253, '21020253', '21020253', '1166', '211', '81', '21020253@vnu.edu.vn', '2003-08-15', 'vô gia cư', 339045020, 'K66-CA-CLC1', 0),
(21020254, '21020254', '21020254', '1167', '212', '82', '21020254@vnu.edu.vn', '2003-08-15', 'vô gia cư', 339045021, 'K66-CA-CLC1', 0),
(21020255, '21020255', '21020255', '1168', '213', '83', '21020255@vnu.edu.vn', '2003-08-15', 'vô gia cư', 339045022, 'K66-CA-CLC1', 0),
(21020256, '21020256', '21020256', '1169', '214', '84', '21020256@vnu.edu.vn', '2003-08-15', 'vô gia cư', 339045023, 'K66-CA-CLC1', 0),
(21020257, '21020257', '21020257', '1170', '215', '85', '21020257@vnu.edu.vn', '2003-08-15', 'vô gia cư', 339045024, 'K66-CA-CLC1', 0),
(21020258, '21020258', '21020258', '1171', '216', '86', '21020258@vnu.edu.vn', '2003-08-15', 'vô gia cư', 339045025, 'K66-CA-CLC1', 0),
(21020259, '21020259', '21020259', '1172', '217', '87', '21020259@vnu.edu.vn', '2003-08-15', 'vô gia cư', 339045026, 'K66-CA-CLC1', 0),
(21020260, '21020260', '21020260', '1173', '218', '88', '21020260@vnu.edu.vn', '2003-08-15', 'vô gia cư', 339045027, 'K66-CA-CLC1', 0),
(21020261, '21020261', '21020261', '1174', '219', '89', '21020261@vnu.edu.vn', '2003-08-15', 'vô gia cư', 339045028, 'K66-CA-CLC1', 0),
(21020262, '21020262', '21020262', '1175', '220', '90', '21020262@vnu.edu.vn', '2003-08-15', 'vô gia cư', 339045029, 'K66-CA-CLC1', 0),
(21020263, '21020263', '21020263', '1176', '221', '91', '21020263@vnu.edu.vn', '2003-08-15', 'vô gia cư', 339045030, 'K66-CA-CLC1', 0),
(21020264, '21020264', '21020264', '1177', '222', '92', '21020264@vnu.edu.vn', '2003-08-15', 'vô gia cư', 339045031, 'K66-CA-CLC1', 0),
(21020265, '21020265', '21020265', '1178', '223', '93', '21020265@vnu.edu.vn', '2003-08-15', 'vô gia cư', 339045032, 'K66-CA-CLC1', 0),
(21020266, '21020266', '21020266', '1179', '224', '94', '21020266@vnu.edu.vn', '2003-08-15', 'vô gia cư', 339045033, 'K66-CA-CLC1', 0),
(21020267, '21020267', '21020267', '1180', '225', '95', '21020267@vnu.edu.vn', '2003-08-15', 'vô gia cư', 339045034, 'K66-CA-CLC1', 0),
(21020268, '21020268', '21020268', '1181', '226', '96', '21020268@vnu.edu.vn', '2003-08-15', 'vô gia cư', 339045035, 'K66-CA-CLC1', 0),
(21020269, '21020269', '21020269', '1182', '227', '97', '21020269@vnu.edu.vn', '2003-08-15', 'vô gia cư', 339045036, 'K66-CA-CLC1', 0),
(21020270, '21020270', '21020270', '1183', '228', '98', '21020270@vnu.edu.vn', '2003-08-15', 'vô gia cư', 339045037, 'K66-CA-CLC1', 0),
(21020271, '21020271', '21020271', '1184', '229', '99', '21020271@vnu.edu.vn', '2003-08-15', 'vô gia cư', 339045038, 'K66-CA-CLC1', 0),
(21020272, '21020272', '21020272', '1185', '230', '100', '21020272@vnu.edu.vn', '2003-08-15', 'vô gia cư', 339045039, 'K66-CA-CLC1', 0),
(21020273, '21020273', '21020273', '1186', '231', '101', '21020273@vnu.edu.vn', '2003-08-15', 'vô gia cư', 339045040, 'K66-CA-CLC1', 0),
(21020274, '21020274', '21020274', '1187', '232', '102', '21020274@vnu.edu.vn', '2003-08-15', 'vô gia cư', 339045041, 'K66-CA-CLC1', 0),
(21020275, '21020275', '21020275', '1188', '233', '103', '21020275@vnu.edu.vn', '2003-08-15', 'vô gia cư', 339045042, 'K66-CA-CLC1', 0),
(21020276, '21020276', '21020276', '1189', '234', '104', '21020276@vnu.edu.vn', '2003-08-15', 'vô gia cư', 339045043, 'K66-CA-CLC1', 0),
(21020277, '21020277', '21020277', '1190', '235', '105', '21020277@vnu.edu.vn', '2003-08-15', 'vô gia cư', 339045044, 'K66-CA-CLC1', 0),
(21020278, '21020278', '21020278', '1191', '236', '106', '21020278@vnu.edu.vn', '2003-08-15', 'vô gia cư', 339045045, 'K66-CA-CLC1', 0),
(21020279, '21020279', '21020279', '1192', '237', '107', '21020279@vnu.edu.vn', '2003-08-15', 'vô gia cư', 339045046, 'K66-CA-CLC1', 0),
(21020300, '21020300', '21020300', '1807', '445', '11', '21020300@vnu.edu.vn', '2003-08-15', 'vô gia cư', 144048838, 'K66-CA-CLC2', 0),
(21020301, '21020301', '21020301', '1808', '446', '12', '21020301@vnu.edu.vn', '2003-08-15', 'vô gia cư', 144048839, 'K66-CA-CLC2', 0),
(21020302, '21020302', '21020302', '1809', '447', '13', '21020302@vnu.edu.vn', '2003-08-15', 'vô gia cư', 144048840, 'K66-CA-CLC2', 0),
(21020303, '21020303', '21020303', '1810', '448', '14', '21020303@vnu.edu.vn', '2003-08-15', 'vô gia cư', 144048841, 'K66-CA-CLC2', 0),
(21020304, '21020304', '21020304', '1811', '449', '15', '21020304@vnu.edu.vn', '2003-08-15', 'vô gia cư', 144048842, 'K66-CA-CLC2', 0),
(21020305, '21020305', '21020305', '1812', '450', '16', '21020305@vnu.edu.vn', '2003-08-15', 'vô gia cư', 144048843, 'K66-CA-CLC2', 0),
(21020306, '21020306', '21020306', '1813', '451', '17', '21020306@vnu.edu.vn', '2003-08-15', 'vô gia cư', 144048844, 'K66-CA-CLC2', 0),
(21020307, '21020307', '21020307', '1814', '452', '18', '21020307@vnu.edu.vn', '2003-08-15', 'vô gia cư', 144048845, 'K66-CA-CLC2', 0),
(21020308, '21020308', '21020308', '1815', '453', '19', '21020308@vnu.edu.vn', '2003-08-15', 'vô gia cư', 144048846, 'K66-CA-CLC2', 0),
(21020309, '21020309', '21020309', '1816', '454', '20', '21020309@vnu.edu.vn', '2003-08-15', 'vô gia cư', 144048847, 'K66-CA-CLC2', 0),
(21020310, '21020310', '21020310', '1817', '455', '21', '21020310@vnu.edu.vn', '2003-08-15', 'vô gia cư', 144048848, 'K66-CA-CLC2', 0),
(21020311, '21020311', '21020311', '1818', '456', '22', '21020311@vnu.edu.vn', '2003-08-15', 'vô gia cư', 144048849, 'K66-CA-CLC2', 0),
(21020312, '21020312', '21020312', '1819', '457', '23', '21020312@vnu.edu.vn', '2003-08-15', 'vô gia cư', 144048850, 'K66-CA-CLC2', 0),
(21020313, '21020313', '21020313', '1820', '458', '24', '21020313@vnu.edu.vn', '2003-08-15', 'vô gia cư', 144048851, 'K66-CA-CLC2', 0),
(21020314, '21020314', '21020314', '1821', '459', '25', '21020314@vnu.edu.vn', '2003-08-15', 'vô gia cư', 144048852, 'K66-CA-CLC2', 0),
(21020315, '21020315', '21020315', '1822', '460', '26', '21020315@vnu.edu.vn', '2003-08-15', 'vô gia cư', 144048853, 'K66-CA-CLC2', 0),
(21020316, '21020316', '21020316', '1823', '461', '27', '21020316@vnu.edu.vn', '2003-08-15', 'vô gia cư', 144048854, 'K66-CA-CLC2', 0),
(21020317, '21020317', '21020317', '1824', '462', '28', '21020317@vnu.edu.vn', '2003-08-15', 'vô gia cư', 144048855, 'K66-CA-CLC2', 0),
(21020318, '21020318', '21020318', '1825', '463', '29', '21020318@vnu.edu.vn', '2003-08-15', 'vô gia cư', 144048856, 'K66-CA-CLC2', 0),
(21020319, '21020319', '21020319', '1826', '464', '30', '21020319@vnu.edu.vn', '2003-08-15', 'vô gia cư', 144048857, 'K66-CA-CLC2', 0),
(21020320, '21020320', '21020320', '1827', '465', '31', '21020320@vnu.edu.vn', '2003-08-15', 'vô gia cư', 144048858, 'K66-CA-CLC2', 0),
(21020321, '21020321', '21020321', '1828', '466', '32', '21020321@vnu.edu.vn', '2003-08-15', 'vô gia cư', 144048859, 'K66-CA-CLC2', 0),
(21020322, '21020322', '21020322', '1829', '467', '33', '21020322@vnu.edu.vn', '2003-08-15', 'vô gia cư', 144048860, 'K66-CA-CLC2', 0),
(21020323, '21020323', '21020323', '1830', '468', '34', '21020323@vnu.edu.vn', '2003-08-15', 'vô gia cư', 144048861, 'K66-CA-CLC2', 0),
(21020324, '21020324', '21020324', '1831', '469', '35', '21020324@vnu.edu.vn', '2003-08-15', 'vô gia cư', 144048862, 'K66-CA-CLC2', 0),
(21020325, '21020325', '21020325', '1832', '470', '36', '21020325@vnu.edu.vn', '2003-08-15', 'vô gia cư', 144048863, 'K66-CA-CLC2', 0),
(21020326, '21020326', '21020326', '1833', '471', '37', '21020326@vnu.edu.vn', '2003-08-15', 'vô gia cư', 144048864, 'K66-CA-CLC2', 0),
(21020327, '21020327', '21020327', '1834', '472', '38', '21020327@vnu.edu.vn', '2003-08-15', 'vô gia cư', 144048865, 'K66-CA-CLC2', 0),
(21020328, '21020328', '21020328', '1835', '473', '39', '21020328@vnu.edu.vn', '2003-08-15', 'vô gia cư', 144048866, 'K66-CA-CLC2', 0),
(21020329, '21020329', '21020329', '1836', '474', '40', '21020329@vnu.edu.vn', '2003-08-15', 'vô gia cư', 144048867, 'K66-CA-CLC2', 0),
(21020330, '21020330', '21020330', '1837', '475', '41', '21020330@vnu.edu.vn', '2003-08-15', 'vô gia cư', 144048868, 'K66-CA-CLC2', 0),
(21020331, '21020331', '21020331', '1838', '476', '42', '21020331@vnu.edu.vn', '2003-08-15', 'vô gia cư', 144048869, 'K66-CA-CLC2', 0),
(21020332, '21020332', '21020332', '1839', '477', '43', '21020332@vnu.edu.vn', '2003-08-15', 'vô gia cư', 144048870, 'K66-CA-CLC2', 0),
(21020333, '21020333', '21020333', '1840', '478', '44', '21020333@vnu.edu.vn', '2003-08-15', 'vô gia cư', 144048871, 'K66-CA-CLC2', 0),
(21020334, '21020334', '21020334', '1841', '479', '45', '21020334@vnu.edu.vn', '2003-08-15', 'vô gia cư', 144048872, 'K66-CA-CLC2', 0),
(21020335, '21020335', '21020335', '1842', '480', '46', '21020335@vnu.edu.vn', '2003-08-15', 'vô gia cư', 144048873, 'K66-CA-CLC2', 0),
(21020336, '21020336', '21020336', '1843', '481', '47', '21020336@vnu.edu.vn', '2003-08-15', 'vô gia cư', 144048874, 'K66-CA-CLC2', 0),
(21020337, '21020337', '21020337', '1844', '482', '48', '21020337@vnu.edu.vn', '2003-08-15', 'vô gia cư', 144048875, 'K66-CA-CLC2', 0),
(21020338, '21020338', '21020338', '1845', '483', '49', '21020338@vnu.edu.vn', '2003-08-15', 'vô gia cư', 144048876, 'K66-CA-CLC2', 0),
(21020339, '21020339', '21020339', '1846', '484', '50', '21020339@vnu.edu.vn', '2003-08-15', 'vô gia cư', 144048877, 'K66-CA-CLC2', 0),
(21020340, '21020340', '21020340', '1847', '485', '51', '21020340@vnu.edu.vn', '2003-08-15', 'vô gia cư', 144048878, 'K66-CA-CLC2', 0),
(21020341, '21020341', '21020341', '1848', '486', '52', '21020341@vnu.edu.vn', '2003-08-15', 'vô gia cư', 144048879, 'K66-CA-CLC2', 0),
(21020342, '21020342', '21020342', '1849', '487', '53', '21020342@vnu.edu.vn', '2003-08-15', 'vô gia cư', 144048880, 'K66-CA-CLC2', 0),
(21020343, '21020343', '21020343', '1850', '488', '54', '21020343@vnu.edu.vn', '2003-08-15', 'vô gia cư', 144048881, 'K66-CA-CLC2', 0),
(21020344, '21020344', '21020344', '1851', '489', '55', '21020344@vnu.edu.vn', '2003-08-15', 'vô gia cư', 144048882, 'K66-CA-CLC2', 0),
(21020345, '21020345', '21020345', '1852', '490', '56', '21020345@vnu.edu.vn', '2003-08-15', 'vô gia cư', 144048883, 'K66-CA-CLC2', 0),
(21020346, '21020346', '21020346', '1853', '491', '57', '21020346@vnu.edu.vn', '2003-08-15', 'vô gia cư', 144048884, 'K66-CA-CLC2', 0),
(21020347, '21020347', '21020347', '1854', '492', '58', '21020347@vnu.edu.vn', '2003-08-15', 'vô gia cư', 144048885, 'K66-CA-CLC2', 0),
(21020348, '21020348', '21020348', '1855', '493', '59', '21020348@vnu.edu.vn', '2003-08-15', 'vô gia cư', 144048886, 'K66-CA-CLC2', 0),
(21020349, '21020349', '21020349', '1856', '494', '60', '21020349@vnu.edu.vn', '2003-08-15', 'vô gia cư', 144048887, 'K66-CA-CLC2', 0),
(21020350, '21020350', '21020350', '1857', '495', '61', '21020350@vnu.edu.vn', '2003-08-15', 'vô gia cư', 144048888, 'K66-CA-CLC2', 0),
(21020351, '21020351', '21020351', '1858', '496', '62', '21020351@vnu.edu.vn', '2003-08-15', 'vô gia cư', 144048889, 'K66-CA-CLC2', 0),
(21020352, '21020352', '21020352', '1859', '497', '63', '21020352@vnu.edu.vn', '2003-08-15', 'vô gia cư', 144048890, 'K66-CA-CLC2', 0),
(21020353, '21020353', '21020353', '1860', '498', '64', '21020353@vnu.edu.vn', '2003-08-15', 'vô gia cư', 144048891, 'K66-CA-CLC2', 0),
(21020354, '21020354', '21020354', '1861', '499', '65', '21020354@vnu.edu.vn', '2003-08-15', 'vô gia cư', 144048892, 'K66-CA-CLC2', 0),
(21020355, '21020355', '21020355', '1862', '500', '66', '21020355@vnu.edu.vn', '2003-08-15', 'vô gia cư', 144048893, 'K66-CA-CLC2', 0),
(21020356, '21020356', '21020356', '1863', '501', '67', '21020356@vnu.edu.vn', '2003-08-15', 'vô gia cư', 144048894, 'K66-CA-CLC2', 0),
(21020357, '21020357', '21020357', '1864', '502', '68', '21020357@vnu.edu.vn', '2003-08-15', 'vô gia cư', 144048895, 'K66-CA-CLC2', 0),
(21020358, '21020358', '21020358', '1865', '503', '69', '21020358@vnu.edu.vn', '2003-08-15', 'vô gia cư', 144048896, 'K66-CA-CLC2', 0),
(21020359, '21020359', '21020359', '1866', '504', '70', '21020359@vnu.edu.vn', '2003-08-15', 'vô gia cư', 144048897, 'K66-CA-CLC2', 0),
(21020360, '21020360', '21020360', '1867', '505', '71', '21020360@vnu.edu.vn', '2003-08-15', 'vô gia cư', 144048898, 'K66-CA-CLC2', 0),
(21020361, '21020361', '21020361', '1868', '506', '72', '21020361@vnu.edu.vn', '2003-08-15', 'vô gia cư', 144048899, 'K66-CA-CLC2', 0),
(21020362, '21020362', '21020362', '1869', '507', '73', '21020362@vnu.edu.vn', '2003-08-15', 'vô gia cư', 144048900, 'K66-CA-CLC2', 0),
(21020363, '21020363', '21020363', '1870', '508', '74', '21020363@vnu.edu.vn', '2003-08-15', 'vô gia cư', 144048901, 'K66-CA-CLC2', 0),
(21020364, '21020364', '21020364', '1871', '509', '75', '21020364@vnu.edu.vn', '2003-08-15', 'vô gia cư', 144048902, 'K66-CA-CLC2', 0),
(21020365, '21020365', '21020365', '1872', '510', '76', '21020365@vnu.edu.vn', '2003-08-15', 'vô gia cư', 144048903, 'K66-CA-CLC2', 0),
(21020366, '21020366', '21020366', '1873', '511', '77', '21020366@vnu.edu.vn', '2003-08-15', 'vô gia cư', 144048904, 'K66-CA-CLC2', 0),
(21020367, '21020367', '21020367', '1874', '512', '78', '21020367@vnu.edu.vn', '2003-08-15', 'vô gia cư', 144048905, 'K66-CA-CLC2', 0),
(21020368, '21020368', '21020368', '1875', '513', '79', '21020368@vnu.edu.vn', '2003-08-15', 'vô gia cư', 144048906, 'K66-CA-CLC2', 0),
(21020369, '21020369', '21020369', '1876', '514', '80', '21020369@vnu.edu.vn', '2003-08-15', 'vô gia cư', 144048907, 'K66-CA-CLC2', 0),
(21020370, '21020370', '21020370', '1877', '515', '81', '21020370@vnu.edu.vn', '2003-08-15', 'vô gia cư', 144048908, 'K66-CA-CLC2', 0),
(21020371, '21020371', '21020371', '1878', '516', '82', '21020371@vnu.edu.vn', '2003-08-15', 'vô gia cư', 144048909, 'K66-CA-CLC2', 0),
(21020372, '21020372', '21020372', '1879', '517', '83', '21020372@vnu.edu.vn', '2003-08-15', 'vô gia cư', 144048910, 'K66-CA-CLC2', 0),
(21020373, '21020373', '21020373', '1880', '518', '84', '21020373@vnu.edu.vn', '2003-08-15', 'vô gia cư', 144048911, 'K66-CA-CLC2', 0),
(21020374, '21020374', '21020374', '1881', '519', '85', '21020374@vnu.edu.vn', '2003-08-15', 'vô gia cư', 144048912, 'K66-CA-CLC2', 0),
(21020375, '21020375', '21020375', '1882', '520', '86', '21020375@vnu.edu.vn', '2003-08-15', 'vô gia cư', 144048913, 'K66-CA-CLC2', 0),
(21020376, '21020376', '21020376', '1883', '521', '87', '21020376@vnu.edu.vn', '2003-08-15', 'vô gia cư', 144048914, 'K66-CA-CLC2', 0),
(21020377, '21020377', '21020377', '1884', '522', '88', '21020377@vnu.edu.vn', '2003-08-15', 'vô gia cư', 144048915, 'K66-CA-CLC2', 0),
(21020378, '21020378', '21020378', '1885', '523', '89', '21020378@vnu.edu.vn', '2003-08-15', 'vô gia cư', 144048916, 'K66-CA-CLC2', 0),
(21020379, '21020379', '21020379', '1886', '524', '90', '21020379@vnu.edu.vn', '2003-08-15', 'vô gia cư', 144048917, 'K66-CA-CLC2', 0),
(21020400, '21020400', '21020400', '1330', '124', '20', '21020400@vnu.edu.vn', '2003-08-15', 'vô gia cư', 535146295, 'K66-CA-CLC4', 0),
(21020401, '21020401', '21020401', '1331', '125', '21', '21020401@vnu.edu.vn', '2003-08-15', 'vô gia cư', 535146296, 'K66-CA-CLC4', 0),
(21020402, '21020402', '21020402', '1332', '126', '22', '21020402@vnu.edu.vn', '2003-08-15', 'vô gia cư', 535146297, 'K66-CA-CLC4', 0),
(21020403, '21020403', '21020403', '1333', '127', '23', '21020403@vnu.edu.vn', '2003-08-15', 'vô gia cư', 535146298, 'K66-CA-CLC4', 0),
(21020404, '21020404', '21020404', '1334', '128', '24', '21020404@vnu.edu.vn', '2003-08-15', 'vô gia cư', 535146299, 'K66-CA-CLC4', 0),
(21020405, '21020405', '21020405', '1335', '129', '25', '21020405@vnu.edu.vn', '2003-08-15', 'vô gia cư', 535146300, 'K66-CA-CLC4', 0),
(21020406, '21020406', '21020406', '1336', '130', '26', '21020406@vnu.edu.vn', '2003-08-15', 'vô gia cư', 535146301, 'K66-CA-CLC4', 0),
(21020407, '21020407', '21020407', '1337', '131', '27', '21020407@vnu.edu.vn', '2003-08-15', 'vô gia cư', 535146302, 'K66-CA-CLC4', 0),
(21020408, '21020408', '21020408', '1338', '132', '28', '21020408@vnu.edu.vn', '2003-08-15', 'vô gia cư', 535146303, 'K66-CA-CLC4', 0),
(21020409, '21020409', '21020409', '1339', '133', '29', '21020409@vnu.edu.vn', '2003-08-15', 'vô gia cư', 535146304, 'K66-CA-CLC4', 0),
(21020410, '21020410', '21020410', '1340', '134', '30', '21020410@vnu.edu.vn', '2003-08-15', 'vô gia cư', 535146305, 'K66-CA-CLC4', 0),
(21020411, '21020411', '21020411', '1341', '135', '31', '21020411@vnu.edu.vn', '2003-08-15', 'vô gia cư', 535146306, 'K66-CA-CLC4', 0),
(21020412, '21020412', '21020412', '1342', '136', '32', '21020412@vnu.edu.vn', '2003-08-15', 'vô gia cư', 535146307, 'K66-CA-CLC4', 0),
(21020413, '21020413', '21020413', '1343', '137', '33', '21020413@vnu.edu.vn', '2003-08-15', 'vô gia cư', 535146308, 'K66-CA-CLC4', 0),
(21020414, '21020414', '21020414', '1344', '138', '34', '21020414@vnu.edu.vn', '2003-08-15', 'vô gia cư', 535146309, 'K66-CA-CLC4', 0),
(21020415, '21020415', '21020415', '1345', '139', '35', '21020415@vnu.edu.vn', '2003-08-15', 'vô gia cư', 535146310, 'K66-CA-CLC4', 0),
(21020416, '21020416', '21020416', '1346', '140', '36', '21020416@vnu.edu.vn', '2003-08-15', 'vô gia cư', 535146311, 'K66-CA-CLC4', 0),
(21020417, '21020417', '21020417', '1347', '141', '37', '21020417@vnu.edu.vn', '2003-08-15', 'vô gia cư', 535146312, 'K66-CA-CLC4', 0),
(21020418, '21020418', '21020418', '1348', '142', '38', '21020418@vnu.edu.vn', '2003-08-15', 'vô gia cư', 535146313, 'K66-CA-CLC4', 0),
(21020419, '21020419', '21020419', '1349', '143', '39', '21020419@vnu.edu.vn', '2003-08-15', 'vô gia cư', 535146314, 'K66-CA-CLC4', 0),
(21020420, '21020420', '21020420', '1350', '144', '40', '21020420@vnu.edu.vn', '2003-08-15', 'vô gia cư', 535146315, 'K66-CA-CLC4', 0),
(21020421, '21020421', '21020421', '1351', '145', '41', '21020421@vnu.edu.vn', '2003-08-15', 'vô gia cư', 535146316, 'K66-CA-CLC4', 0),
(21020422, '21020422', '21020422', '1352', '146', '42', '21020422@vnu.edu.vn', '2003-08-15', 'vô gia cư', 535146317, 'K66-CA-CLC4', 0),
(21020423, '21020423', '21020423', '1353', '147', '43', '21020423@vnu.edu.vn', '2003-08-15', 'vô gia cư', 535146318, 'K66-CA-CLC4', 0),
(21020424, '21020424', '21020424', '1354', '148', '44', '21020424@vnu.edu.vn', '2003-08-15', 'vô gia cư', 535146319, 'K66-CA-CLC4', 0),
(21020425, '21020425', '21020425', '1355', '149', '45', '21020425@vnu.edu.vn', '2003-08-15', 'vô gia cư', 535146320, 'K66-CA-CLC4', 0),
(21020426, '21020426', '21020426', '1356', '150', '46', '21020426@vnu.edu.vn', '2003-08-15', 'vô gia cư', 535146321, 'K66-CA-CLC4', 0),
(21020427, '21020427', '21020427', '1357', '151', '47', '21020427@vnu.edu.vn', '2003-08-15', 'vô gia cư', 535146322, 'K66-CA-CLC4', 0),
(21020428, '21020428', '21020428', '1358', '152', '48', '21020428@vnu.edu.vn', '2003-08-15', 'vô gia cư', 535146323, 'K66-CA-CLC4', 0),
(21020429, '21020429', '21020429', '1359', '153', '49', '21020429@vnu.edu.vn', '2003-08-15', 'vô gia cư', 535146324, 'K66-CA-CLC4', 0),
(21020430, '21020430', '21020430', '1360', '154', '50', '21020430@vnu.edu.vn', '2003-08-15', 'vô gia cư', 535146325, 'K66-CA-CLC4', 0),
(21020431, '21020431', '21020431', '1361', '155', '51', '21020431@vnu.edu.vn', '2003-08-15', 'vô gia cư', 535146326, 'K66-CA-CLC4', 0),
(21020432, '21020432', '21020432', '1362', '156', '52', '21020432@vnu.edu.vn', '2003-08-15', 'vô gia cư', 535146327, 'K66-CA-CLC4', 0),
(21020433, '21020433', '21020433', '1363', '157', '53', '21020433@vnu.edu.vn', '2003-08-15', 'vô gia cư', 535146328, 'K66-CA-CLC4', 0),
(21020434, '21020434', '21020434', '1364', '158', '54', '21020434@vnu.edu.vn', '2003-08-15', 'vô gia cư', 535146329, 'K66-CA-CLC4', 0),
(21020435, '21020435', '21020435', '1365', '159', '55', '21020435@vnu.edu.vn', '2003-08-15', 'vô gia cư', 535146330, 'K66-CA-CLC4', 0),
(21020436, '21020436', '21020436', '1366', '160', '56', '21020436@vnu.edu.vn', '2003-08-15', 'vô gia cư', 535146331, 'K66-CA-CLC4', 0),
(21020437, '21020437', '21020437', '1367', '161', '57', '21020437@vnu.edu.vn', '2003-08-15', 'vô gia cư', 535146332, 'K66-CA-CLC4', 0),
(21020438, '21020438', '21020438', '1368', '162', '58', '21020438@vnu.edu.vn', '2003-08-15', 'vô gia cư', 535146333, 'K66-CA-CLC4', 0),
(21020439, '21020439', '21020439', '1369', '163', '59', '21020439@vnu.edu.vn', '2003-08-15', 'vô gia cư', 535146334, 'K66-CA-CLC4', 0),
(21020440, '21020440', '21020440', '1370', '164', '60', '21020440@vnu.edu.vn', '2003-08-15', 'vô gia cư', 535146335, 'K66-CA-CLC4', 0),
(21020441, '21020441', '21020441', '1371', '165', '61', '21020441@vnu.edu.vn', '2003-08-15', 'vô gia cư', 535146336, 'K66-CA-CLC4', 0),
(21020442, '21020442', '21020442', '1372', '166', '62', '21020442@vnu.edu.vn', '2003-08-15', 'vô gia cư', 535146337, 'K66-CA-CLC4', 0),
(21020443, '21020443', '21020443', '1373', '167', '63', '21020443@vnu.edu.vn', '2003-08-15', 'vô gia cư', 535146338, 'K66-CA-CLC4', 0),
(21020444, '21020444', '21020444', '1374', '168', '64', '21020444@vnu.edu.vn', '2003-08-15', 'vô gia cư', 535146339, 'K66-CA-CLC4', 0),
(21020445, '21020445', '21020445', '1375', '169', '65', '21020445@vnu.edu.vn', '2003-08-15', 'vô gia cư', 535146340, 'K66-CA-CLC4', 0),
(21020446, '21020446', '21020446', '1376', '170', '66', '21020446@vnu.edu.vn', '2003-08-15', 'vô gia cư', 535146341, 'K66-CA-CLC4', 0),
(21020447, '21020447', '21020447', '1377', '171', '67', '21020447@vnu.edu.vn', '2003-08-15', 'vô gia cư', 535146342, 'K66-CA-CLC4', 0),
(21020448, '21020448', '21020448', '1378', '172', '68', '21020448@vnu.edu.vn', '2003-08-15', 'vô gia cư', 535146343, 'K66-CA-CLC4', 0);
INSERT INTO `person` (`ID`, `account`, `pass`, `firstName`, `lastName`, `middleName`, `email`, `birthday`, `address`, `phoneNumber`, `class`, `isTeacher`) VALUES
(21020449, '21020449', '21020449', '1379', '173', '69', '21020449@vnu.edu.vn', '2003-08-15', 'vô gia cư', 535146344, 'K66-CA-CLC4', 0),
(21020450, '21020450', '21020450', '1380', '174', '70', '21020450@vnu.edu.vn', '2003-08-15', 'vô gia cư', 535146345, 'K66-CA-CLC4', 0),
(21020451, '21020451', '21020451', '1381', '175', '71', '21020451@vnu.edu.vn', '2003-08-15', 'vô gia cư', 535146346, 'K66-CA-CLC4', 0),
(21020452, '21020452', '21020452', '1382', '176', '72', '21020452@vnu.edu.vn', '2003-08-15', 'vô gia cư', 535146347, 'K66-CA-CLC4', 0),
(21020453, '21020453', '21020453', '1383', '177', '73', '21020453@vnu.edu.vn', '2003-08-15', 'vô gia cư', 535146348, 'K66-CA-CLC4', 0),
(21020454, '21020454', '21020454', '1384', '178', '74', '21020454@vnu.edu.vn', '2003-08-15', 'vô gia cư', 535146349, 'K66-CA-CLC4', 0),
(21020455, '21020455', '21020455', '1385', '179', '75', '21020455@vnu.edu.vn', '2003-08-15', 'vô gia cư', 535146350, 'K66-CA-CLC4', 0),
(21020456, '21020456', '21020456', '1386', '180', '76', '21020456@vnu.edu.vn', '2003-08-15', 'vô gia cư', 535146351, 'K66-CA-CLC4', 0),
(21020457, '21020457', '21020457', '1387', '181', '77', '21020457@vnu.edu.vn', '2003-08-15', 'vô gia cư', 535146352, 'K66-CA-CLC4', 0),
(21020458, '21020458', '21020458', '1388', '182', '78', '21020458@vnu.edu.vn', '2003-08-15', 'vô gia cư', 535146353, 'K66-CA-CLC4', 0),
(21020459, '21020459', '21020459', '1389', '183', '79', '21020459@vnu.edu.vn', '2003-08-15', 'vô gia cư', 535146354, 'K66-CA-CLC4', 0),
(21020460, '21020460', '21020460', '1390', '184', '80', '21020460@vnu.edu.vn', '2003-08-15', 'vô gia cư', 535146355, 'K66-CA-CLC4', 0),
(21020461, '21020461', '21020461', '1391', '185', '81', '21020461@vnu.edu.vn', '2003-08-15', 'vô gia cư', 535146356, 'K66-CA-CLC4', 0),
(21020462, '21020462', '21020462', '1392', '186', '82', '21020462@vnu.edu.vn', '2003-08-15', 'vô gia cư', 535146357, 'K66-CA-CLC4', 0),
(21020463, '21020463', '21020463', '1393', '187', '83', '21020463@vnu.edu.vn', '2003-08-15', 'vô gia cư', 535146358, 'K66-CA-CLC4', 0),
(21020464, '21020464', '21020464', '1394', '188', '84', '21020464@vnu.edu.vn', '2003-08-15', 'vô gia cư', 535146359, 'K66-CA-CLC4', 0),
(21020465, '21020465', '21020465', '1395', '189', '85', '21020465@vnu.edu.vn', '2003-08-15', 'vô gia cư', 535146360, 'K66-CA-CLC4', 0),
(21020466, '21020466', '21020466', '1396', '190', '86', '21020466@vnu.edu.vn', '2003-08-15', 'vô gia cư', 535146361, 'K66-CA-CLC4', 0),
(21020467, '21020467', '21020467', '1397', '191', '87', '21020467@vnu.edu.vn', '2003-08-15', 'vô gia cư', 535146362, 'K66-CA-CLC4', 0),
(21020468, '21020468', '21020468', '1398', '192', '88', '21020468@vnu.edu.vn', '2003-08-15', 'vô gia cư', 535146363, 'K66-CA-CLC4', 0),
(21020469, '21020469', '21020469', '1399', '193', '89', '21020469@vnu.edu.vn', '2003-08-15', 'vô gia cư', 535146364, 'K66-CA-CLC4', 0),
(21020470, '21020470', '21020470', '1400', '194', '90', '21020470@vnu.edu.vn', '2003-08-15', 'vô gia cư', 535146365, 'K66-CA-CLC4', 0),
(21020471, '21020471', '21020471', '1401', '195', '91', '21020471@vnu.edu.vn', '2003-08-15', 'vô gia cư', 535146366, 'K66-CA-CLC4', 0),
(21020472, '21020472', '21020472', '1402', '196', '92', '21020472@vnu.edu.vn', '2003-08-15', 'vô gia cư', 535146367, 'K66-CA-CLC4', 0),
(21020473, '21020473', '21020473', '1403', '197', '93', '21020473@vnu.edu.vn', '2003-08-15', 'vô gia cư', 535146368, 'K66-CA-CLC4', 0),
(21020474, '21020474', '21020474', '1404', '198', '94', '21020474@vnu.edu.vn', '2003-08-15', 'vô gia cư', 535146369, 'K66-CA-CLC4', 0),
(21020475, '21020475', '21020475', '1405', '199', '95', '21020475@vnu.edu.vn', '2003-08-15', 'vô gia cư', 535146370, 'K66-CA-CLC4', 0),
(21020476, '21020476', '21020476', '1406', '200', '96', '21020476@vnu.edu.vn', '2003-08-15', 'vô gia cư', 535146371, 'K66-CA-CLC4', 0),
(21020477, '21020477', '21020477', '1407', '201', '97', '21020477@vnu.edu.vn', '2003-08-15', 'vô gia cư', 535146372, 'K66-CA-CLC4', 0),
(21020478, '21020478', '21020478', '1408', '202', '98', '21020478@vnu.edu.vn', '2003-08-15', 'vô gia cư', 535146373, 'K66-CA-CLC4', 0),
(21020479, '21020479', '21020479', '1409', '203', '99', '21020479@vnu.edu.vn', '2003-08-15', 'vô gia cư', 535146374, 'K66-CA-CLC4', 0),
(21021496, '21021496', '21021496', 'Hoàng', 'Đinh', 'Nho', '21021496@vnu.edu.vn', '2003-08-13', 'Tập thể nhà hát Chèo, ngõ 169, phố Doãn Kế Thiện, quận Cầu Giấy, Hà Nội', 839493747, 'K66-CA-CLC3', 0);

-- --------------------------------------------------------

--
-- Cấu trúc bảng cho bảng `questintest`
--

CREATE TABLE `questintest` (
  `questionID` int(11) NOT NULL,
  `TestID` varchar(11) NOT NULL
) ENGINE=InnoDB DEFAULT CHARSET=utf8mb4;

--
-- Đang đổ dữ liệu cho bảng `questintest`
--

INSERT INTO `questintest` (`questionID`, `TestID`) VALUES
(42, '2310'),
(42, '98765'),
(53, '1111'),
(53, '12345'),
(53, '12347'),
(53, '1489'),
(53, '2310'),
(53, '2423'),
(53, '3249658'),
(53, '34'),
(53, '98765'),
(53, '996321'),
(53, 'abels'),
(53, 'kkkk'),
(53, 'Loffil'),
(54, '12345'),
(54, '2423'),
(54, '34'),
(54, '98765'),
(54, 'abels'),
(55, '1111'),
(55, '123'),
(55, '2310'),
(55, '2423'),
(55, '3249658'),
(55, '34'),
(55, '98765'),
(55, 'Loffil'),
(56, '123'),
(56, '12345'),
(56, '1489'),
(56, '2310'),
(56, '2423'),
(56, '7745'),
(56, '98765'),
(56, '9967'),
(56, 'kkkk'),
(57, '1111'),
(57, '12345'),
(57, '12347'),
(57, '1489'),
(57, '2310'),
(57, '34'),
(57, '98765'),
(57, '996321'),
(57, 'abels'),
(57, 'kkkk'),
(58, '2310'),
(58, '3249658'),
(58, '98765'),
(58, 'abels'),
(58, 'kkkk'),
(63, '1111'),
(63, '12345'),
(63, '1489'),
(63, '3249658'),
(63, '34'),
(63, '7745'),
(63, '98765'),
(63, '9967'),
(63, 'kkkk'),
(63, 'Loffil'),
(65, '1111'),
(65, '12347'),
(65, '1489'),
(65, '2310'),
(65, '2423'),
(65, '98765'),
(65, '996321'),
(65, 'kkkk'),
(66, 'Loffil');

-- --------------------------------------------------------

--
-- Cấu trúc bảng cho bảng `question`
--

CREATE TABLE `question` (
  `id` int(11) NOT NULL,
  `quest` text NOT NULL,
  `filepath` text DEFAULT NULL,
  `answer1` text NOT NULL,
  `answer2` text NOT NULL,
  `answer3` text NOT NULL,
  `answer4` text NOT NULL,
  `ranswer` text NOT NULL,
  `courseID` varchar(25) NOT NULL,
  `chapter` varchar(11) NOT NULL
) ENGINE=InnoDB DEFAULT CHARSET=utf8mb4;

--
-- Đang đổ dữ liệu cho bảng `question`
--

INSERT INTO `question` (`id`, `quest`, `filepath`, `answer1`, `answer2`, `answer3`, `answer4`, `ranswer`, `courseID`, `chapter`) VALUES
(42, '             Một cache ánh xạ trực tiếp có dung lượng 512KB, kích thước của slot là 16 byte, thanh ghi địa chỉ kích thước là 32 bit. Cho\r\ntham chiếu 5893478, xác định ý nào sau đây là sai?       ', NULL, 'Giá trị index của tham chiếu này là: 001111011010110', 'Giá trị tag của tham chiếu này là: 0000000001011', 'Trường hợp dữ liệu của tham chiếu này không có trong cache thì tải 16 byte từ địa chỉ 5893478 từ RAM vào', 'Giá trị offset của tham chiếu này là: 0110', 'answer3', 'INT2212', '5.1'),
(44, '                    Ý nào sau đây là sai về cache của CPU?', NULL, 'cache', 'Cache', 'Cache', 'Cache', 'answer1', 'INT2212', '5.2'),
(53, 'Các bước của lệnh trong kiến trúc lệnh MIPS được sử dụng tối đa một đơn vị chính của hệ thống (bộ nhớ trong, ALU, tập\nthanh ghi), xác định ý nào sau đây là sai?', NULL, 'ERRBước 1 không sử dụng bất kỳ đơn vị chính nào', 'ERRBước 2 sử dụng bộ xử lý ALU', 'ERRBước 4 của lệnh sw truy cập tập bộ nhớ trong', 'ERRBước 3 của lệnh J-format không sử dụng bất kỳ đơn vị nào', 'answer1', 'INT2212', '3.1'),
(54, '                    Ý nào sau đây là sai về tập lệnh MIPS?', NULL, 'ERRLệnh loại J-format là tất cả các lệnh nhảy', 'ERRLệnh loại R-format là lệnh có các tham số được lưu trong các thanh ghi', 'ERRLệnh add $t1, $t2, $t3 là thuộc loại R-format', 'ERRLệnh loại I-format là lệnh có chứa hằng số', 'answer1', 'INT2212', '3.1'),
(55, '                    Biết lệnh MIPS sau 00000010001100100100000000100000 thuộc loại R-format, ý nào sau đây là sai?', NULL, 'ERRrs có giá trị là 17', 'ERRrt có giá trị là 18', 'ERRfunct có giá trị là 20', 'ERRPhần op có giá trị là 0', 'answer3', 'INT2212', '3.2'),
(56, '                    Cho lệnh MIPS beq $t1, $t2, 789, xác định ý nào sau đây là sai?', NULL, 'ERRChu kỳ 3 thực hiện thao tác kiểm tra $t1 có bằng $t2 không để gán giá trị tính toán được từ bước 2 cho thanh ghi PC', 'ERRLệnh này cần 3 chu kỳ để thực hiện', 'ERR789 là địa chỉ tương đối của lệnh cần thực hiện tiếp theo, nó cách lệnh hiện tại 789 lệnh hướng về phía đầu chương trình', 'ERRĐây là lệnh có kiểu I-type', 'answer3', 'INT2212', '3.2'),
(57, '                    Ý nào sauu đây là sai về phương pháp cài đặt đa chu kỳ của kiến trúc MIPS?', NULL, 'ERRBước đầu tiên là tải lệnh (IF), trong bước này có bao gồm chuyển con trỏ lệnh đến lệnh kế tiếp', 'ERRBước 4 là ghi kết quả vào thanh ghi (WB)', 'ERRBước thứ 2 là giải mã lệnh (ID)', 'ERRBước 3 là thực thi, các lệnh có ít nhất 3 bước', 'answer2', 'INT2212', '3.1'),
(58, '                    Các bước của lệnh trong kiến trúc lệnh MIPS được sử dụng tối đa một đơn vị chính của hệ thống (bộ nhớ trong, ALU, tập\r\nthanh ghi), xác định ý nào sau đây là sai?', NULL, 'ERRBước 3, trừ lệnh J-format, tất cả đều sử dụng bộ xử lý ALU', 'ERRBước 4 của lệnh lw có truy cập tập thanh ghi', 'ERRBước 1 truy cập bộ nhớ', 'ERRBước 2 sử dụng bộ xử lý ALU', 'answer2', 'INT2212', '3.3'),
(59, '                    Ý nào sau đây là sai liên quan đến lệnh Assembly neg %al với giả sử hiện tại al đang mang giá trị là 3', NULL, 'Lệnh có làm thay đổi giá trị của một số cờ trong thanh ghi trạng thái', 'Giá trị của %al sau khi thực hiện xong lệnh là -3', 'Lệnh trên đảo giá trị của các bit trong thanh ghi %al', 'Lệnh trên tương đương với lệnh %al = -%al; trong C', 'answer3', 'INT2212', '4.3'),
(60, '                    Ý nào sau đây là sai về lệnh sau: cmp %al,%bl', NULL, 'Giá trị của cờ dấu SF và cờ zero ZF được cập nhật sau khi lệnh thực hiện', 'Lệnh này so sánh giá trị của %al và %bl', 'Sau khi thực hiện giá trị của %al và %bl bị thay đổi', 'Sau khi thực hiện, giá trị của một số cờ trong thanh ghi trạng thái bị thay đổi', 'answer3', 'INT2212', '4.1'),
(61, '                    Ý nào sau đây là sai liên quan đến các phương pháp cài đặt bộ vi xử lý CPU?', NULL, 'ERRMột giải pháp là đơn chu kỳ, trong đó các lệnh khác nhau đều thực hiện trong khoảng thời gian như nhau là 1 chu kỳ', 'ERRGiải pháp đơn chu kỳ có nhược điểm là lệnh chạy nhanh sẽ lãng phí thời gian', 'ERRGiải pháp đơn chu kỳ có ưu điểm hơn đa chu kỳ', 'ERRGiải pháp đa chu kỳ chia lệnh thành các bước nhỏ hơn, và các bước nhỏ được thực hiện trong khoảng thời gian bằng nhau là 1 chu kỳ', 'answer3', 'INT2212', '4.2'),
(62, '                    Đâu không phải là tên thanh ghi trong kiến trúc CPU của Intel?', NULL, 'AH', 'AX', 'RAX', 'R9X', 'answer4', 'INT2212', '4.1'),
(63, '                    Các bước của lệnh trong kiến trúc lệnh MIPS được sử dụng tối đa một đơn vị chính của hệ thống (bộ nhớ trong, ALU, tập\nthanh ghi), xác định ý nào sau đây là sai?', NULL, 'ERRBước 2 sử dụng bộ xử lý ALU', 'ERRBước 1 truy cập bộ nhớ', 'ERRBước 3, trừ lệnh J-format, tất cả đều sử dụng bộ xử lý ALU', 'ERRBước 4 của lệnh lw có truy cập tập thanh ghi', 'answer4', 'INT2212', '3.2'),
(64, '                    Ý nào sau đây là sai liên quan đến lệnh Assembly: jns label, trong đó label là một nhãn', NULL, 'Cần thực hiện một lệnh có tác động đến cờ SF, ví dụ lệnh sub', 'Lệnh nhảy tới label nếu cờ SF có giá trị là 0', 'Nhãn có địa chỉ trùng với lệnh đầu tiên ngay sau nó', 'Lệnh nhảy tới label nếu cờ SF được bật (on)', 'answer4', 'INT2212', '4.1'),
(65, '                    Ý nào sauu đây là sai về phương pháp cài đặt đa chu kỳ của kiến trúc MIPS?', NULL, 'ERRBước thứ 2 là giải mã lệnh (ID)', 'ERRBước 3 là thực thi, có lệnh không có bước này', 'ERRBước 4 truy cập bộ nhớ (đối với lệnh đọc/ghi dữ liệu từ RAM) hoặc thanh ghi (đối với lệnh R-type) viết tắt là MEM', 'ERRBước đầu tiên là tải lệnh (IF), trong bước này có bao gồm chuyển con trỏ lệnh đến lệnh kế tiếp', 'answer2', 'INT2212', '3.1'),
(66, '                    Ý nào sau đây là sai liên quan đến lệnh Assembly: jnl label, trong đó label là một nhãn', NULL, 'Đây là lệnh nhảy có điều kiện, áp dụng với trường hợp lệnh cmp là so sánh 2 số nguyên có dấu', 'Lệnh sẽ nhảy đến label nếu s>=d trong đó s và d là tham số của lệnh cmp s,d', 'Lệnh sẽ nhảy đến label nếu s<=d trong đó s và d là tham số của lệnh cmp s,d', 'Đây là lệnh nhảy có điều kiện, thường được dùng kết hợp với lệnh cmp s,d', 'answer2', 'INT2212', '3.3'),
(67, '                    Kết quả của phép toán 1.11111 x 2^(6) / 1.0101 x 2^(4) là:', NULL, '1.1', '1.1', '1.01', '1.01', 'answer1', 'INT2212', '2.1');

-- --------------------------------------------------------

--
-- Cấu trúc bảng cho bảng `study`
--

CREATE TABLE `study` (
  `studentID` int(11) NOT NULL,
  `classID` varchar(25) NOT NULL
) ENGINE=InnoDB DEFAULT CHARSET=utf8mb4;

--
-- Đang đổ dữ liệu cho bảng `study`
--

INSERT INTO `study` (`studentID`, `classID`) VALUES
(21020002, '2223I_INT2204_46'),
(21020001, '2223I_INT2211_44'),
(21020002, '2223I_INT2211_47'),
(21020001, '2223I_INT2212_43'),
(21020003, '2223I_INT2212_47');

-- --------------------------------------------------------

--
-- Cấu trúc bảng cho bảng `test`
--

CREATE TABLE `test` (
  `testID` varchar(11) NOT NULL,
  `testName` varchar(50) NOT NULL,
  `courseClassID` varchar(25) NOT NULL,
  `teacherID` int(11) NOT NULL,
  `timeStart` datetime NOT NULL,
  `timeEnd` datetime NOT NULL,
  `timePeriod` int(11) NOT NULL,
  `studentOnly` tinyint(1) NOT NULL,
  `turn` int(11) NOT NULL
) ENGINE=InnoDB DEFAULT CHARSET=utf8mb4;

--
-- Đang đổ dữ liệu cho bảng `test`
--

INSERT INTO `test` (`testID`, `testName`, `courseClassID`, `teacherID`, `timeStart`, `timeEnd`, `timePeriod`, `studentOnly`, `turn`) VALUES
('1111', 'Bài kiểm tra cuối', '2223I_INT2212_43', 20001, '2022-12-04 00:00:00', '2022-12-09 00:00:00', 30, 1, 1),
('123', 'Bài kiểm tra số 1', '2223I_INT2212_43', 20001, '2022-12-04 00:00:00', '2022-12-07 00:00:00', 30, 1, 1),
('12345', 'Bài kiểm tra cuối cùng', '2223I_INT2212_43', 20001, '2022-11-28 00:00:00', '2022-12-08 00:00:00', 30, 1, 1),
('12347', 'Bài kiểm tra số 4', '2223I_INT2212_47', 20001, '2022-11-28 00:00:00', '2022-12-17 00:00:00', 30, 1, 1),
('1489', 'last time ', '2223I_INT2212_47', 20001, '2022-12-07 00:00:00', '2022-12-14 00:00:00', 30, 1, 1),
('2310', 'Tại sao lại fail', '2223I_INT2212_47', 20001, '2022-12-04 00:00:00', '2022-12-07 00:00:00', 40, 0, 1),
('2423', 'Và thế là hết :))', '2223I_INT2212_47', 20001, '2022-12-05 00:00:00', '2022-12-09 00:00:00', 30, 1, 1),
('3249658', 'Bài kiểm tra học kì II', '2223I_INT2212_43', 20001, '2023-02-01 00:00:00', '2023-02-04 00:00:00', 40, 1, 1),
('34', 'Bài kiểm tra số 2', '2223I_INT2212_47', 20001, '2022-12-04 00:00:00', '2022-12-07 00:00:00', 30, 1, 1),
('5689', 'Bài kiểm tra số 5', '2223I_INT2212_43', 20001, '2022-12-04 00:00:00', '2022-12-07 00:00:00', 30, 1, 1),
('7745', 'Bài kiểm tra số 3', '2223I_INT2212_43', 20001, '2022-12-04 00:00:00', '2022-12-07 00:00:00', 30, 1, 1),
('98765', 'Bài kiểm tra thực hành', '2223I_INT2212_47', 20001, '2022-12-05 00:00:00', '2022-12-08 00:00:00', 40, 1, 1),
('996321', 'Bài kiểm tra số 4', '2223I_INT2212_43', 20001, '2022-12-04 00:00:00', '2022-12-07 00:00:00', 30, 1, 1),
('9967', 'Bài kiểm tra số 2', '2223I_INT2212_43', 20001, '2022-12-05 00:00:00', '2022-12-07 00:00:00', 30, 1, 1),
('abels', 'Kiểm tra Lý Thuyết', '2223I_INT2212_47', 20001, '2023-02-09 00:00:00', '2023-02-14 00:00:00', 20, 1, 1),
('kkkk', 'Bài kiểm tra cuối cùng', '2223I_INT2212_43', 20001, '2022-12-04 00:00:00', '2022-12-06 00:00:00', 30, 0, 1),
('Loffil', 'Baif thi giua ki', '2223I_INT2212_43', 20001, '2023-02-02 00:00:00', '2023-02-04 00:00:00', 20, 1, 1);

-- --------------------------------------------------------

--
-- Cấu trúc bảng cho bảng `user`
--

CREATE TABLE `user` (
  `id` int(11) NOT NULL,
  `username` text NOT NULL,
  `usergrade` double DEFAULT NULL,
  `timeStart` datetime DEFAULT NULL,
  `timeEnd` datetime DEFAULT NULL
) ENGINE=InnoDB DEFAULT CHARSET=utf8mb4;

--
-- Đang đổ dữ liệu cho bảng `user`
--

INSERT INTO `user` (`id`, `username`, `usergrade`, `timeStart`, `timeEnd`) VALUES
(26, 'afd', 0, '2022-11-30 13:22:53', '2022-11-30 13:23:04'),
(27, 'hoangdinhnho23@gmail.com', 0, '2022-11-30 13:40:50', '2022-11-30 13:40:59'),
(28, 'nhohoang23', 0, '2022-11-30 14:05:13', '2022-11-30 14:05:24'),
(29, 'nhohoang23', 10, '2022-11-30 14:12:24', '2022-11-30 14:12:30'),
(30, 'nhokko', 10, '2022-11-30 14:51:33', '2022-11-30 14:51:43'),
(31, '21021496', 0, '2022-11-30 14:52:25', '2022-11-30 14:52:36'),
(32, 'nhohoang23', 0, '2022-11-30 15:46:03', '2022-11-30 15:46:13'),
(33, 'nhohoang23', 0, '2022-12-01 12:32:23', '2022-12-01 12:32:35'),
(34, 'nhohoang23', 1.67, '2022-12-04 22:16:22', '2022-12-04 22:16:30'),
(35, 'nhohoang2k3', 1.67, '2022-12-06 07:38:36', '2022-12-06 07:38:42');

--
-- Chỉ mục cho các bảng đã đổ
--

--
-- Chỉ mục cho bảng `courseclass`
--
ALTER TABLE `courseclass`
  ADD PRIMARY KEY (`classID`),
  ADD KEY `classCourses` (`courseID`),
  ADD KEY `classTeacher` (`teacherID`);

--
-- Chỉ mục cho bảng `courses`
--
ALTER TABLE `courses`
  ADD PRIMARY KEY (`courseID`);

--
-- Chỉ mục cho bảng `onexam`
--
ALTER TABLE `onexam`
  ADD PRIMARY KEY (`doID`),
  ADD KEY `onExamStudent` (`studentID`),
  ADD KEY `onExamTest` (`testID`);

--
-- Chỉ mục cho bảng `person`
--
ALTER TABLE `person`
  ADD PRIMARY KEY (`ID`);

--
-- Chỉ mục cho bảng `questintest`
--
ALTER TABLE `questintest`
  ADD PRIMARY KEY (`questionID`,`TestID`),
  ADD KEY `questinTest` (`TestID`);

--
-- Chỉ mục cho bảng `question`
--
ALTER TABLE `question`
  ADD PRIMARY KEY (`id`),
  ADD KEY `questCourse` (`courseID`);

--
-- Chỉ mục cho bảng `study`
--
ALTER TABLE `study`
  ADD PRIMARY KEY (`classID`,`studentID`) USING BTREE,
  ADD KEY `studyPerson` (`studentID`);

--
-- Chỉ mục cho bảng `test`
--
ALTER TABLE `test`
  ADD PRIMARY KEY (`testID`),
  ADD KEY `teacherTest` (`teacherID`),
  ADD KEY `testCourseClass` (`courseClassID`);

--
-- Chỉ mục cho bảng `user`
--
ALTER TABLE `user`
  ADD PRIMARY KEY (`id`);

--
-- AUTO_INCREMENT cho các bảng đã đổ
--

--
-- AUTO_INCREMENT cho bảng `onexam`
--
ALTER TABLE `onexam`
  MODIFY `doID` int(11) NOT NULL AUTO_INCREMENT, AUTO_INCREMENT=13;

--
-- AUTO_INCREMENT cho bảng `question`
--
ALTER TABLE `question`
  MODIFY `id` int(11) NOT NULL AUTO_INCREMENT, AUTO_INCREMENT=69;

--
-- AUTO_INCREMENT cho bảng `user`
--
ALTER TABLE `user`
  MODIFY `id` int(11) NOT NULL AUTO_INCREMENT, AUTO_INCREMENT=36;

--
-- Các ràng buộc cho các bảng đã đổ
--

--
-- Các ràng buộc cho bảng `courseclass`
--
ALTER TABLE `courseclass`
  ADD CONSTRAINT `classCourses` FOREIGN KEY (`courseID`) REFERENCES `courses` (`courseID`) ON DELETE CASCADE ON UPDATE CASCADE,
  ADD CONSTRAINT `classTeacher` FOREIGN KEY (`teacherID`) REFERENCES `person` (`ID`) ON DELETE CASCADE ON UPDATE CASCADE;

--
-- Các ràng buộc cho bảng `onexam`
--
ALTER TABLE `onexam`
  ADD CONSTRAINT `onExamStudent` FOREIGN KEY (`studentID`) REFERENCES `person` (`ID`) ON DELETE CASCADE ON UPDATE CASCADE,
  ADD CONSTRAINT `onExamTest` FOREIGN KEY (`testID`) REFERENCES `test` (`testID`) ON DELETE CASCADE ON UPDATE CASCADE;

--
-- Các ràng buộc cho bảng `questintest`
--
ALTER TABLE `questintest`
  ADD CONSTRAINT `questQuest` FOREIGN KEY (`questionID`) REFERENCES `question` (`id`) ON DELETE CASCADE ON UPDATE CASCADE,
  ADD CONSTRAINT `questinTest` FOREIGN KEY (`TestID`) REFERENCES `test` (`testID`) ON DELETE CASCADE ON UPDATE CASCADE;

--
-- Các ràng buộc cho bảng `question`
--
ALTER TABLE `question`
  ADD CONSTRAINT `questCourse` FOREIGN KEY (`courseID`) REFERENCES `courses` (`courseID`) ON DELETE CASCADE ON UPDATE CASCADE;

--
-- Các ràng buộc cho bảng `study`
--
ALTER TABLE `study`
  ADD CONSTRAINT `studyClass` FOREIGN KEY (`classID`) REFERENCES `courseclass` (`classID`) ON DELETE CASCADE ON UPDATE CASCADE,
  ADD CONSTRAINT `studyPerson` FOREIGN KEY (`studentID`) REFERENCES `person` (`ID`) ON DELETE CASCADE ON UPDATE CASCADE;

--
-- Các ràng buộc cho bảng `test`
--
ALTER TABLE `test`
  ADD CONSTRAINT `teacherTest` FOREIGN KEY (`teacherID`) REFERENCES `person` (`ID`) ON DELETE CASCADE ON UPDATE CASCADE,
  ADD CONSTRAINT `testCourseClass` FOREIGN KEY (`courseClassID`) REFERENCES `courseclass` (`classID`) ON DELETE CASCADE ON UPDATE CASCADE;
COMMIT;

/*!40101 SET CHARACTER_SET_CLIENT=@OLD_CHARACTER_SET_CLIENT */;
/*!40101 SET CHARACTER_SET_RESULTS=@OLD_CHARACTER_SET_RESULTS */;
/*!40101 SET COLLATION_CONNECTION=@OLD_COLLATION_CONNECTION */;
